SeriousDlqin2yrs,RevolvingUtilizationOfUnsecuredLines,age,NumberOfTime30-59DaysPastDueNotWorse,DebtRatio,MonthlyIncome,NumberOfOpenCreditLinesAndLoans,NumberOfTimes90DaysLate,NumberRealEstateLoansOrLines,NumberOfTime60-89DaysPastDueNotWorse,NumberOfDependents
0,0.023483366,78,0,0.013445958,5800.0,9,0,0,0,0.0
0,0.0,64,0,2354.0,,11,0,1,0,0.0
0,0.659890841,41,0,0.374094099,8692.0,11,0,2,0,4.0
0,0.9999999,50,0,0.315495208,6259.0,3,0,1,0,0.0
0,0.000833306,50,1,0.972055888,500.0,7,0,0,0,0.0
0,0.656950854,28,0,0.253537736,2543.0,5,0,0,0,0.0
0,0.171655223,53,0,0.242528608,9000.0,4,0,2,0,4.0
0,0.9999999,66,0,6026.0,,4,0,3,0,0.0
0,0.9999999,55,0,0.252071888,10738.0,4,0,2,0,0.0
0,0.0,41,0,3577.0,,11,0,2,0,0.0
0,0.210528675,33,0,1.549207998,3850.0,7,0,4,0,0.0
0,0.063523495,81,1,0.220496894,7083.0,9,0,1,0,0.0
0,0.093159644,67,0,1473.0,,4,0,1,0,0.0
0,0.268307395,80,0,2261.0,,9,0,1,0,0.0
0,0.808068388,39,0,0.328028825,6660.0,11,0,1,0,5.0
0,0.302015685,33,0,0.339076222,14916.0,8,0,2,0,1.0
0,0.035360381,39,0,0.564487103,5000.0,9,0,1,0,0.0
0,0.057233077,68,0,0.011225864,2226.0,6,0,0,0,0.0
0,0.07074434,52,0,0.503091821,8570.0,26,0,1,0,1.0
0,0.020659988,41,0,0.013071895,2600.0,9,0,0,0,0.0
0,0.049325112,30,0,0.428769018,2168.0,5,0,1,0,0.0
0,0.373087564,41,0,0.047518947,18076.0,5,0,0,0,3.0
0,0.039533061,79,0,0.302027307,4833.0,6,0,2,0,0.0
0,0.222763511,57,1,0.580451128,8644.0,22,0,3,0,0.0
0,0.0,47,0,0.36827774,13220.0,4,0,2,0,1.0
0,0.917247731,43,0,0.032851928,6300.0,3,0,0,0,3.0
0,0.364929615,30,0,0.319851577,2694.0,4,0,0,0,0.0
0,0.736579913,73,0,0.181530899,5695.0,13,0,0,0,1.0
0,0.018966034,51,0,0.114217795,8833.0,4,0,1,0,0.0
0,0.027646203,39,0,0.51508399,5833.0,5,0,1,0,1.0
0,0.08321083,51,0,0.218402325,9976.0,3,0,1,0,0.0
0,0.652762266,40,0,0.128656972,5844.0,5,0,0,0,0.0
1,1.006916253,55,3,1.073774393,2100.0,11,1,1,1,0.0
0,0.011055404,44,0,0.241050853,6508.0,13,0,2,0,3.0
0,0.128347826,56,0,0.361540598,10800.0,14,0,3,0,2.0
0,0.0,61,0,0.51291308,3600.0,8,0,1,0,1.0
0,0.297667558,63,1,4804.0,,17,0,3,0,1.0
0,0.85682283,39,0,0.290897159,10666.0,13,0,0,0,2.0
0,0.24995001,34,0,1245.0,0.0,4,0,2,0,1.0
0,0.113008401,53,0,0.239971088,8300.0,16,0,1,0,1.0
0,0.018280515,91,0,39.0,0.0,7,0,0,0,0.0
0,0.262463547,59,1,0.587342666,8500.0,16,0,2,0,1.0
0,0.124740928,58,0,0.309466215,6200.0,15,0,1,0,2.0
0,0.0,48,0,0.225303293,7500.0,14,0,2,0,1.0
0,0.648701378,36,0,0.503408781,3666.0,7,0,1,0,0.0
0,0.358565737,39,0,0.064239829,5136.0,3,0,0,0,1.0
1,0.9999999,60,0,0.275265957,2255.0,3,3,0,0,0.0
0,0.12246923,74,0,0.205158968,5000.0,18,0,0,0,0.0
0,0.061313997,49,0,0.222959184,11759.0,6,0,2,0,2.0
0,0.553630913,22,0,0.025806452,929.0,2,0,0,0,0.0
0,0.183671951,49,0,0.262210797,3500.0,4,0,1,0,0.0
0,0.087258255,46,0,0.272191979,9000.0,4,0,1,0,0.0
0,0.534883721,48,0,0.115618894,8700.0,11,0,0,0,2.0
0,0.053258815,44,0,1.565390353,2010.0,5,0,1,0,2.0
0,0.157148571,56,0,0.199862509,16000.0,9,0,2,0,0.0
0,0.132591379,28,0,0.241339223,4300.0,3,0,1,0,0.0
1,0.632935261,33,0,0.7421981,3684.0,8,3,1,0,1.0
0,0.025243939,56,0,0.218715826,6400.0,14,0,1,0,0.0
0,0.233156334,31,0,0.051289742,3333.0,3,0,0,0,0.0
0,0.500937383,32,0,1698.0,,6,0,1,0,0.0
0,0.10887129,50,0,53.0,,1,0,0,0,0.0
0,0.596711722,31,0,0.192663696,2916.0,9,0,0,0,0.0
0,0.012140214,41,0,0.592437739,5500.0,17,0,3,0,2.0
0,0.379592192,29,0,0.640857463,6250.0,10,0,2,0,0.0
0,1.019442284,42,3,0.905364878,3000.0,9,0,2,1,0.0
0,0.011312533,89,0,14.0,,8,0,0,0,
0,0.0,55,0,1976.0,,6,0,1,0,0.0
0,0.713362042,47,1,0.931517158,6643.0,7,0,2,0,2.0
0,0.174016782,51,0,0.080175478,13220.0,10,0,0,0,5.0
1,0.9999999,27,0,0.0,3258.0,0,0,0,0,0.0
1,0.415413129,53,7,0.524423963,5424.0,18,0,2,1,4.0
1,0.9999999,38,0,53.0,,1,0,0,0,0.0
0,0.328235909,60,0,0.469087494,6388.0,18,0,2,0,1.0
0,0.073273168,30,0,0.576556111,2200.0,8,0,1,0,0.0
0,0.214400276,51,0,0.114687741,5187.0,10,0,0,0,0.0
0,0.082576348,49,0,0.052995692,7660.0,21,0,0,0,2.0
0,0.070486905,65,0,0.017466536,6125.0,5,0,0,0,0.0
0,0.349314554,71,0,0.383392058,10500.0,7,0,2,0,1.0
0,0.001066619,79,0,0.196901549,4001.0,5,0,1,0,1.0
0,0.093842818,65,0,0.48861912,3953.0,19,0,1,0,0.0
0,0.391921856,37,0,0.275829827,6416.0,9,0,1,0,2.0
0,0.392686927,53,0,0.367235633,9900.0,16,0,1,0,3.0
0,0.243181071,80,0,0.364856976,8564.0,16,0,2,0,0.0
0,0.9999999,37,0,0.970922308,2200.0,5,0,1,0,1.0
0,0.071348433,49,0,0.227182886,8600.0,5,0,1,0,0.0
0,0.733125649,46,0,571.0,,1,0,0,0,0.0
0,0.728457211,30,0,0.513165204,9000.0,10,0,2,0,0.0
1,0.123350658,53,1,1131.0,,18,0,2,0,2.0
0,0.025616775,64,0,3804.0,,7,0,1,0,0.0
0,0.941879413,61,1,328.0,,10,0,0,0,0.0
0,0.559178121,53,0,0.368680468,7100.0,9,0,1,0,2.0
0,0.027906362,61,0,0.315943851,9545.0,27,0,2,0,0.0
0,0.9999999,22,0,0.0,3600.0,1,0,0,0,0.0
0,0.940557601,30,2,0.102592388,3625.0,6,0,0,2,1.0
0,0.238211127,67,0,0.152379683,7500.0,11,0,0,0,1.0
0,0.985355015,32,0,0.133402995,2870.0,4,1,0,0,2.0
0,0.839107184,26,1,0.298350825,2000.0,3,0,0,0,0.0
0,0.098893578,38,0,0.025930851,3007.0,4,0,0,0,0.0
0,0.882569394,49,2,0.829773178,4540.0,14,0,1,1,1.0
0,0.008006245,62,0,0.229882868,10500.0,14,0,2,0,2.0
1,0.9999999,37,1,0.243793911,4269.0,3,3,0,0,1.0
0,0.825745073,53,1,334.0,,1,1,0,1,0.0
0,0.200769645,62,0,0.370538947,9666.0,15,0,2,0,1.0
0,0.803039392,29,0,0.345713294,2880.0,3,0,0,0,0.0
0,0.432584582,44,0,0.76494369,3462.0,9,0,1,0,2.0
0,0.220955795,53,0,0.691949698,10098.0,20,0,2,0,3.0
0,0.039096506,61,0,28.0,0.0,4,0,0,0,0.0
0,0.07803546,49,0,0.329205366,8720.0,4,0,1,0,1.0
0,0.0,77,0,1067.0,,3,0,1,0,0.0
0,0.192356588,50,0,0.337653973,12420.0,16,0,2,0,2.0
0,0.007392122,48,0,1538.0,,15,0,3,0,3.0
0,0.0,64,0,0.520617084,10500.0,17,0,2,0,0.0
0,0.091222913,60,0,0.127942157,19500.0,10,0,2,0,1.0
0,0.008898482,44,0,0.928162746,4718.0,7,0,2,0,2.0
0,0.110086983,69,0,0.044986386,8446.0,20,0,0,0,0.0
0,0.296224478,32,0,0.447948916,5167.0,14,0,1,0,1.0
0,0.0,40,0,0.349947769,6700.0,8,0,2,0,2.0
0,0.434106374,56,0,5515.0,,5,0,1,0,0.0
0,0.9999999,72,1,0.429590018,2243.0,9,1,0,0,0.0
1,0.987636364,41,0,1673.0,,5,0,1,0,2.0
0,0.137694496,62,0,0.600399886,3500.0,16,0,1,0,0.0
0,0.532934132,22,0,0.394014963,400.0,2,0,0,0,0.0
0,0.267844905,67,0,0.406158747,3766.0,13,0,0,0,0.0
0,0.143767128,37,0,890.0,,3,0,1,0,0.0
0,0.010939889,42,0,0.282803509,10600.0,8,0,1,0,3.0
0,0.165380615,44,1,0.443953086,5200.0,14,0,1,0,0.0
0,0.154407154,65,0,3221.0,,15,0,1,0,1.0
0,0.129961036,49,0,0.313856427,9583.0,9,0,1,0,3.0
0,0.036938187,45,0,1705.5,1.0,9,0,1,0,2.0
0,0.019648397,30,0,0.103705832,3480.0,3,0,0,0,1.0
0,0.077172153,39,0,0.426958363,4250.0,9,0,1,0,0.0
0,0.072953046,54,0,0.176700783,9965.0,6,0,1,0,0.0
0,0.269178222,49,0,0.367726455,5000.0,15,0,2,0,0.0
0,0.410524457,69,0,0.819932289,4725.0,13,0,2,0,0.0
0,0.731341031,58,1,0.306889807,4600.0,8,0,1,0,0.0
0,0.55860463,40,0,0.277767679,5500.0,10,0,0,0,3.0
0,0.019278524,56,0,121.0,,12,0,0,0,0.0
0,0.677474622,57,0,0.394578313,14607.0,13,0,2,0,0.0
0,0.950701249,35,0,0.279944011,5000.0,6,0,0,0,2.0
0,0.326556161,53,0,2406.0,,15,0,1,0,0.0
0,0.0,46,0,0.278906093,4972.0,5,0,2,0,2.0
0,0.738946093,38,1,0.098696978,3606.0,6,3,0,1,1.0
0,0.198317583,68,0,0.621050472,4873.0,11,0,3,0,0.0
1,0.88006663,31,3,0.104176498,8475.0,9,0,0,2,0.0
0,0.319447649,55,1,0.133364098,2166.0,6,0,0,0,1.0
0,0.0,50,0,0.0,,5,0,0,0,0.0
0,0.032815475,59,0,0.50014041,3560.0,13,0,2,0,0.0
0,0.420335508,57,0,0.446488562,6250.0,10,0,3,0,0.0
0,0.147284262,71,0,0.437526118,16750.0,10,0,2,0,0.0
0,0.002294389,65,0,232.0,,18,0,0,0,0.0
0,0.677013423,44,2,0.477268254,15242.0,19,0,4,0,1.0
0,0.9999999,55,0,0.5152,1874.0,2,0,0,0,0.0
0,0.026498675,49,0,22.0,,4,0,0,0,
0,0.017770387,60,0,0.086810773,8650.0,19,0,1,0,0.0
0,0.211890582,39,0,0.313805759,7083.0,13,0,2,0,3.0
0,0.0,63,0,0.190740137,9200.0,4,0,1,0,1.0
0,0.000101208,46,0,0.416451112,5798.0,8,0,2,0,0.0
0,0.034691169,62,0,0.747037648,13333.0,26,0,6,0,0.0
0,0.05027992,81,0,41.0,,3,0,0,0,0.0
0,0.13163482,64,0,0.350521354,7000.0,7,0,1,0,0.0
0,0.258853044,71,0,0.591093117,5433.0,12,0,2,0,0.0
1,0.825182383,37,0,0.140209659,5341.0,6,0,0,0,1.0
0,0.9999999,41,0,0.0,7500.0,1,0,0,0,1.0
0,0.457245791,44,0,0.288554288,8500.0,9,0,2,0,0.0
0,1.044979555,47,0,0.294907841,3200.0,8,0,0,0,1.0
0,0.855372909,47,0,0.428992992,5421.0,13,0,1,0,1.0
0,0.604728403,63,0,3982.0,,10,0,1,0,0.0
0,0.806790622,45,0,1359.0,,13,0,1,0,1.0
0,0.882933235,58,0,2629.0,,19,0,1,0,0.0
0,0.098050401,70,0,87.0,,15,0,0,0,0.0
0,0.034893465,44,0,0.010812696,8600.0,8,0,0,0,1.0
0,0.065420131,62,0,608.0,,19,0,1,0,0.0
0,0.353507359,60,0,0.42861331,3410.0,11,0,1,0,3.0
0,0.050949466,53,1,0.239980002,12000.0,13,0,2,0,1.0
1,0.196894561,40,1,72.0,,2,0,0,0,0.0
0,0.062389954,51,0,0.071209199,14000.0,6,0,0,0,2.0
0,0.0,60,0,0.093440821,2728.0,3,1,0,0,0.0
0,0.697812691,31,0,0.236980252,12000.0,10,0,0,0,1.0
0,0.9999999,44,0,0.062822953,3676.0,2,0,0,0,5.0
0,0.499077642,67,1,0.292301718,10300.0,20,0,1,0,0.0
0,0.391223876,35,0,0.613096726,4000.0,7,0,1,0,0.0
0,0.014031805,89,0,0.006542526,1986.0,5,0,0,0,0.0
0,0.032030038,70,0,0.021239705,2306.0,5,0,0,0,0.0
0,0.211608827,73,0,0.249903883,2600.0,5,0,0,0,0.0
0,0.030356059,39,0,0.131120573,20667.0,5,0,2,0,2.0
0,0.102265826,36,0,0.499181967,5500.0,10,0,2,0,1.0
0,0.474161412,45,0,401.0,,7,0,0,0,0.0
0,0.0,72,0,0.276490578,3236.0,4,0,0,0,0.0
0,0.15617915,65,0,0.2507352,7820.0,19,0,2,0,1.0
0,0.393267789,64,0,0.276099051,9166.0,10,0,1,0,2.0
0,0.462614954,40,1,2465.0,,6,1,1,0,2.0
0,1.018496917,53,4,0.458874459,3926.0,6,1,2,1,1.0
0,0.016211383,76,0,1856.0,,15,0,2,0,0.0
0,0.289362727,71,3,0.298212723,8000.0,13,0,1,2,1.0
0,0.208947427,55,0,0.159210317,6280.0,3,0,1,0,0.0
1,0.840902599,34,0,0.193944587,3500.0,5,0,0,0,0.0
0,0.022887646,73,0,0.39544571,3600.0,4,0,1,0,0.0
0,0.0,37,0,0.0,3360.0,1,0,0,0,0.0
0,0.005732951,39,0,0.26582156,10333.0,7,0,2,0,1.0
1,1.0,27,0,0.268362201,4560.0,6,2,1,0,2.0
0,0.035488413,52,0,1069.0,,10,0,1,0,1.0
0,0.010451322,72,0,0.008706869,3100.0,8,0,0,0,0.0
0,0.144268085,63,1,0.735252949,5000.0,11,0,1,0,3.0
0,0.001287654,46,0,0.379484305,5351.0,12,0,1,0,2.0
0,0.341077558,43,0,0.116294185,20000.0,5,0,2,0,2.0
1,0.98960208,48,0,0.510638298,1973.0,1,1,0,1,0.0
0,0.71806218,65,0,0.258518637,6250.0,8,0,1,1,2.0
0,0.029808104,79,0,1214.0,,11,0,1,0,
0,0.207099973,54,0,645.0,1.0,23,0,0,0,0.0
0,0.0,76,0,0.0,,2,0,0,0,0.0
0,0.054576504,62,0,0.190180063,10773.0,13,0,1,0,0.0
0,0.0,48,0,0.168258633,1360.0,14,0,0,0,0.0
0,0.004378407,48,0,0.308897034,3000.0,6,0,1,0,0.0
0,0.181423388,60,0,0.032192131,5870.0,2,0,0,0,0.0
1,0.88611121,52,3,0.559488102,5000.0,8,0,2,0,4.0
0,0.065612799,90,0,20.0,,2,0,0,0,0.0
0,0.116026787,64,0,0.368926215,1666.0,10,0,0,0,0.0
0,0.736622023,25,0,0.335207748,3200.0,10,0,0,0,0.0
0,0.001641667,65,0,3120.0,,16,0,1,0,0.0
0,0.101221417,56,0,0.067146283,8339.0,25,0,0,0,1.0
0,0.907002906,47,0,4947.0,,7,0,2,0,
1,0.540933003,30,2,0.630105684,3500.0,12,0,1,0,0.0
0,0.035682057,45,0,1823.0,,17,0,2,0,
0,0.852147852,31,0,0.312648326,11376.0,8,0,2,1,0.0
0,0.079565395,39,0,0.918481643,4820.0,13,0,2,0,0.0
1,0.837784961,63,0,0.653739184,6471.0,10,0,1,0,0.0
0,0.120492285,74,0,0.16597625,14483.0,18,0,1,0,1.0
0,0.060477907,77,0,0.012140034,7083.0,11,0,0,0,0.0
0,0.293967337,36,0,0.778957084,4333.0,7,0,2,0,0.0
0,0.003204331,89,0,0.000499917,6000.0,4,0,0,0,0.0
1,0.330167555,62,0,0.593351662,4000.0,8,0,2,0,0.0
0,0.172862128,50,2,0.373571783,8051.0,10,0,1,0,2.0
0,0.878475476,38,1,0.200156169,7683.0,12,0,0,0,0.0
0,0.064885284,41,0,0.936510582,6000.0,7,0,2,0,0.0
0,0.9999999,48,0,0.0,800.0,2,0,0,0,2.0
0,0.055850114,70,0,1386.0,0.0,7,0,1,0,0.0
0,0.113187444,76,0,0.425443503,6256.0,5,0,1,0,0.0
0,0.0,70,0,3.751243781,200.0,7,0,1,0,0.0
0,0.480315862,63,0,0.259956943,5573.0,8,0,1,0,0.0
0,0.626518997,48,0,0.059370846,2256.0,2,0,0,0,4.0
0,0.96827954,54,0,522.0,,1,0,0,0,0.0
0,0.035687238,63,0,0.009672831,7029.0,9,0,0,0,0.0
0,0.153988737,46,1,5439.0,,19,0,5,0,0.0
0,0.444169182,42,0,0.253939828,5583.0,6,0,0,0,0.0
0,0.319190816,49,0,0.358153388,9400.0,18,0,2,0,0.0
0,0.071417895,54,0,0.204599425,8000.0,8,0,2,0,0.0
0,0.003655411,82,0,7.0,,13,0,0,0,0.0
0,0.227844266,39,0,1.303696304,1000.0,5,0,1,0,0.0
0,0.0,30,1,0.210591643,7250.0,11,0,1,0,2.0
0,0.107071807,50,0,0.284471553,10000.0,11,0,2,0,4.0
0,0.9999999,28,98,0.0,500.0,0,98,0,98,0.0
1,0.9999999,51,1,0.022189349,6083.0,3,3,0,0,8.0
0,0.008496939,58,0,1295.0,,8,0,2,0,0.0
0,0.153982469,45,1,0.240327806,5246.0,9,1,1,0,0.0
0,0.05122967,53,0,0.443858938,7400.0,22,0,2,0,4.0
0,0.162856774,41,0,0.071306136,5833.0,6,0,0,0,0.0
0,0.095876165,74,0,0.01616532,12000.0,3,0,0,0,0.0
0,0.016772111,62,2,0.365105975,8350.0,16,0,1,0,1.0
1,0.536070308,51,1,0.269421957,7040.0,5,5,0,0,1.0
0,0.274523138,44,0,0.353637197,12000.0,11,0,1,0,2.0
0,0.855310639,47,0,6262.0,,5,0,1,0,1.0
0,0.452886993,45,3,0.494914867,8750.0,10,0,2,0,0.0
0,0.445760573,57,0,0.399571463,12600.0,17,0,2,0,2.0
0,0.023322843,71,0,0.009307972,2470.0,2,0,0,0,0.0
0,0.0,24,0,0.0,400.0,2,0,0,0,0.0
0,0.831889081,46,0,0.052252733,3750.0,4,0,0,0,0.0
0,0.089997,61,0,0.095542857,17499.0,3,0,1,0,0.0
0,0.007936613,49,0,0.124928629,8756.0,9,0,0,0,2.0
0,0.0,70,0,0.265533495,7000.0,11,0,1,0,0.0
0,0.0,36,0,0.400316178,5692.0,9,0,2,0,0.0
0,0.433195851,80,2,122.0,,7,0,0,0,0.0
0,0.010102046,74,0,1255.0,,7,0,0,0,0.0
0,0.9999999,34,1,0.053578569,2500.0,1,0,0,0,1.0
0,0.137790235,61,0,0.262789535,6000.0,24,0,0,0,0.0
0,0.252449738,63,0,3161.0,,14,0,2,0,1.0
0,0.390236925,36,0,0.068912475,6500.0,3,0,0,0,0.0
0,0.109061819,40,0,0.413053196,2236.0,10,0,1,0,1.0
0,0.028230812,47,0,621.0,,18,0,0,0,0.0
0,0.842279512,45,0,0.154948351,3000.0,7,0,0,0,0.0
0,0.0,45,0,568.0,,5,0,1,0,0.0
0,0.023294751,72,0,0.210151894,5200.0,7,0,1,0,0.0
0,0.042900458,49,0,0.29838295,17500.0,11,0,3,0,0.0
0,0.005618547,49,1,0.644393877,4833.0,17,0,2,0,4.0
0,0.019359396,55,0,5559.0,,12,0,2,0,0.0
0,0.651573359,64,0,0.577915377,5813.0,10,0,1,0,0.0
0,0.003409238,94,0,5.0,,13,0,0,0,0.0
0,0.013134034,59,0,484.0,,7,0,1,0,0.0
0,0.01879812,51,0,0.16874351,11555.0,5,0,2,0,1.0
0,0.078921979,41,0,0.255504261,11263.0,6,0,1,0,2.0
0,0.813721746,27,0,0.255184673,5062.0,5,0,0,0,1.0
0,0.00465228,60,0,0.00591466,2366.0,10,0,0,0,1.0
0,0.0,63,2,310.0,0.0,7,0,0,0,0.0
0,0.123894791,65,0,1209.0,0.0,7,0,2,0,0.0
0,0.9999999,33,0,0.377426312,6954.0,7,0,3,0,1.0
0,0.090169775,64,0,0.24457493,7833.0,6,0,0,0,2.0
0,0.055578579,68,0,0.258932002,5205.0,17,0,0,0,1.0
0,0.343144871,59,0,0.319585788,5600.0,9,0,1,0,1.0
0,0.9999999,22,0,133.0,0.0,1,0,0,0,0.0
0,0.314456096,36,1,0.743181472,13125.0,19,0,5,0,0.0
0,0.131796746,44,0,1217.0,,11,0,1,0,0.0
0,0.06516233,90,0,2117.0,,7,0,2,0,0.0
0,0.270232273,47,0,0.391885396,10400.0,9,0,4,0,2.0
0,0.045070972,81,0,27.0,,2,0,0,0,
0,0.095732237,62,0,1151.0,1.0,8,0,1,0,0.0
0,0.039765763,47,0,0.368466153,3500.0,9,0,1,0,0.0
0,0.899691978,51,0,0.329139205,10013.0,5,0,1,0,2.0
0,0.001693843,58,0,4948.0,,7,0,2,0,3.0
0,0.475748987,27,0,0.337743251,13000.0,13,0,5,0,0.0
0,0.0,49,0,0.093685101,13000.0,6,0,1,0,0.0
0,0.9999999,74,0,0.0,3000.0,0,0,0,0,0.0
0,0.81764937,49,0,0.685314685,1000.0,2,0,0,0,0.0
0,0.593229738,51,0,0.582527847,10862.0,12,0,2,0,1.0
0,0.276649666,50,1,0.355037939,17000.0,14,0,2,0,5.0
0,0.400457768,67,0,0.23432439,20684.0,7,0,2,0,0.0
0,0.279524497,49,1,0.635662898,3891.0,5,0,2,0,2.0
1,0.9999999,25,98,0.0,3360.0,0,98,0,98,0.0
0,0.792668856,50,0,0.674846626,4400.0,10,0,2,0,0.0
0,0.043498327,72,0,0.004744106,6955.0,2,0,0,0,0.0
0,0.523064103,46,1,0.491559894,4916.0,10,0,1,0,1.0
0,0.113232554,56,0,0.45236415,4250.0,26,0,1,0,2.0
0,0.01849013,50,0,0.426735219,3500.0,9,0,1,0,0.0
0,0.9999999,61,1,0.896752706,1200.0,6,0,0,0,0.0
0,0.110286884,51,0,2890.0,,9,0,1,0,0.0
0,0.141670459,64,0,0.418121994,3950.0,16,0,2,0,1.0
1,0.33534311,62,0,0.342609324,8300.0,7,0,2,0,0.0
0,0.115431846,63,0,0.051603905,2150.0,3,0,0,0,1.0
0,0.106001265,50,1,0.240075992,10000.0,11,0,2,0,3.0
1,0.832010181,72,2,0.660350545,2110.0,11,1,0,0,0.0
0,0.839548109,49,0,671.0,,5,0,0,0,0.0
0,0.533303598,44,0,5.364050304,4611.0,15,0,1,0,0.0
0,0.248078804,62,0,1862.0,,17,0,1,0,0.0
0,0.016015409,60,0,0.200840131,16425.0,8,0,1,0,0.0
1,0.9999999,32,0,0.080204399,4500.0,10,0,0,0,1.0
0,0.0,63,0,2182.0,,5,0,2,0,0.0
0,0.326216157,45,0,0.126593279,3451.0,14,0,0,0,2.0
0,0.135371075,57,0,0.408368326,6667.0,15,0,1,0,0.0
0,0.210584855,57,1,0.291641245,9833.0,20,0,2,1,2.0
0,0.084997927,78,0,0.022687609,4583.0,5,0,0,0,0.0
0,0.015998476,86,0,18.0,,4,0,0,0,0.0
0,0.9999999,39,1,0.310540575,7750.0,4,4,2,0,3.0
0,0.176362258,50,0,0.119313448,6000.0,11,0,1,0,0.0
0,0.16227924,35,0,0.002332945,6000.0,4,0,0,0,2.0
0,0.138144067,69,0,0.238346949,2080.0,3,0,1,0,0.0
0,0.041396385,60,1,0.054371602,16000.0,8,0,1,0,1.0
1,0.9999999,65,0,510.0,,1,1,0,1,0.0
0,0.02644201,56,0,0.149560117,3750.0,9,0,1,0,2.0
0,0.955215885,41,1,1.114295235,3000.0,9,1,2,0,2.0
0,0.041331956,81,0,37.0,,2,0,0,0,
0,0.99440112,48,1,0.787659328,3451.0,5,0,2,0,2.0
0,0.08165044,63,0,0.809646856,1160.0,26,0,0,0,0.0
0,0.9999999,58,0,1.458513829,3000.0,8,0,3,0,1.0
0,0.622229628,51,0,1.518987342,1500.0,3,0,1,0,0.0
0,0.010392486,79,0,0.107506951,3236.0,5,0,0,0,0.0
0,0.106453898,75,0,0.025324892,3000.0,2,0,0,0,1.0
0,0.9999999,35,0,0.0,5326.0,0,0,0,0,1.0
0,0.040639276,62,0,0.243894335,6018.0,8,0,2,0,0.0
0,0.067359849,69,0,0.488318431,6933.0,10,0,1,0,1.0
0,0.039089793,63,1,0.171855947,12300.0,19,0,2,0,2.0
0,0.874225155,56,0,1710.0,,7,0,0,0,3.0
0,0.631259134,39,0,0.273340433,2816.0,7,0,0,0,0.0
0,0.774014436,35,0,0.250917993,4084.0,3,0,0,0,2.0
0,0.039387786,51,0,15466.0,0.0,7,0,0,0,0.0
0,0.230760937,70,0,0.387867822,10500.0,23,0,2,0,0.0
0,0.9999999,62,0,0.0,10093.0,0,0,0,0,1.0
0,0.528726396,31,0,355.0,,3,0,0,0,0.0
0,0.064775203,47,0,0.109689031,10000.0,17,0,1,0,4.0
0,0.038414192,57,0,0.052688993,18333.0,8,0,1,0,0.0
1,0.187146271,36,3,2.552086868,2946.0,7,0,3,0,1.0
0,0.624881851,48,0,1849.0,,6,0,1,0,0.0
0,0.013401991,64,0,0.002343384,6400.0,4,0,0,0,2.0
0,0.016725675,75,0,0.23893083,4900.0,11,0,1,0,0.0
0,0.03179841,32,0,0.169207698,4000.0,11,0,0,0,0.0
0,0.838012523,31,0,0.277400333,7800.0,6,0,1,0,2.0
0,0.953006713,35,0,0.207020298,8916.0,7,0,0,0,1.0
0,0.510024622,27,1,974.0,,5,0,0,0,
0,0.280325547,51,0,0.425858047,3000.0,7,0,1,0,0.0
0,0.053811528,55,0,0.01089891,10000.0,4,0,0,0,3.0
0,0.152021799,55,0,0.379814725,2050.0,9,0,1,0,0.0
0,0.889204162,35,0,0.251021049,6365.0,7,0,0,0,0.0
0,0.023414645,59,0,0.067870486,20877.0,9,0,1,0,2.0
0,0.09393331,47,0,0.208066184,9669.0,7,0,1,0,3.0
0,0.038780969,65,0,0.394278198,3040.0,10,0,2,0,1.0
0,0.526967065,31,0,0.083972009,3000.0,3,0,0,1,0.0
0,0.136162073,64,0,0.397254141,6700.0,5,0,1,0,1.0
0,0.554489102,52,0,0.301287208,2485.0,5,0,0,0,0.0
0,0.052581086,67,0,2313.0,,4,0,2,0,0.0
0,0.457216323,47,0,0.441386238,9954.0,17,0,3,0,0.0
0,0.04949505,76,0,0.001333206,10500.0,5,0,0,0,0.0
0,0.624852802,75,0,3356.0,,11,0,1,0,0.0
0,0.004646755,59,0,31.0,,22,0,0,0,2.0
0,0.471989059,58,0,0.601330604,7815.0,13,0,1,0,1.0
0,0.050277901,69,0,0.452341824,2433.0,14,0,1,1,0.0
0,0.096353837,56,0,0.212605983,6250.0,12,0,2,0,0.0
0,0.006135666,67,0,0.181836529,4954.0,4,0,1,0,1.0
0,0.495338605,46,0,0.571108623,6250.0,11,0,2,0,2.0
0,0.216771097,62,0,0.006399147,7500.0,2,0,0,0,0.0
0,0.110796863,58,1,0.50338063,10500.0,20,0,3,1,0.0
0,0.043368394,72,0,4.644518272,300.0,8,0,1,0,0.0
0,0.021405174,76,0,0.681030213,8075.0,12,0,3,0,1.0
1,0.025192896,39,0,0.617676465,5000.0,8,0,2,0,2.0
0,0.354017944,52,1,0.400163094,8583.0,16,0,3,1,1.0
0,0.0,64,0,0.0,,7,0,0,0,0.0
0,0.000714222,55,0,0.30071311,9114.0,5,0,1,0,0.0
0,0.185103461,39,0,3825.0,,17,0,2,0,0.0
0,0.024088987,54,0,0.512671756,3274.0,9,0,1,0,0.0
0,0.318600562,47,0,0.244371445,12480.0,6,0,1,0,1.0
0,0.052602832,67,0,37.0,,4,0,0,0,0.0
0,0.317240934,47,0,0.324712513,22000.0,19,0,3,0,2.0
0,0.005553182,25,0,0.241099071,2583.0,8,0,0,0,0.0
0,0.956710288,58,0,3628.0,,10,0,0,0,0.0
0,0.113285321,43,0,0.41350349,9167.0,18,0,2,0,2.0
0,0.584303119,44,0,7806.0,,14,0,4,0,2.0
0,0.338179301,37,0,0.509141494,2515.0,9,0,0,0,0.0
0,0.04905091,35,0,0.753219337,4736.0,6,0,2,0,0.0
0,0.81313382,40,1,0.365286624,3139.0,7,0,0,0,3.0
0,0.65087211,58,1,0.655409909,4500.0,23,0,1,0,0.0
0,0.045938827,56,0,0.183659431,13083.0,5,0,1,0,4.0
0,0.0,57,0,0.190573932,12666.0,11,0,2,0,1.0
0,0.046698443,71,0,0.034270217,8111.0,5,0,0,0,0.0
0,0.631124443,42,1,1.692653673,1333.0,9,0,2,0,0.0
0,0.144743782,64,0,0.216578286,7165.0,7,0,2,0,0.0
0,0.16256712,49,0,0.5604036,3666.0,7,0,1,0,0.0
0,0.233048094,59,0,0.262165508,10500.0,14,0,2,0,0.0
0,0.016165638,80,0,0.010379964,10500.0,12,0,1,0,0.0
0,0.085189924,64,0,0.265146971,5000.0,9,0,1,0,0.0
0,0.031440572,77,0,0.336426172,6250.0,9,0,1,0,0.0
1,0.0,33,1,0.096725819,4000.0,8,0,0,1,0.0
1,0.083137136,45,1,109.0,,7,0,0,0,0.0
0,0.683015082,48,0,0.310286678,4150.0,9,0,0,0,0.0
0,0.15980098,45,0,0.144466917,3460.0,6,0,0,0,2.0
0,0.0,68,0,0.0,5583.0,2,0,0,0,0.0
0,0.20161807,78,0,0.194602504,6150.0,5,0,0,0,0.0
0,0.48841094,58,1,1.119093966,5650.0,20,0,1,1,0.0
1,0.93348229,47,2,0.753778191,4300.0,11,0,1,0,0.0
0,0.072639979,38,0,0.293981927,5200.0,8,0,1,0,0.0
0,0.23516069,45,0,0.402213038,7500.0,14,0,1,0,0.0
0,0.056242353,33,0,0.177528988,2500.0,5,0,0,0,0.0
0,0.0,26,1,0.504890895,1328.0,7,0,0,0,0.0
0,0.499905069,40,0,0.326114525,10250.0,10,0,2,0,3.0
0,0.401381456,43,0,0.342915045,18750.0,11,0,3,0,3.0
0,0.080328871,51,0,0.008665222,6000.0,2,0,0,0,1.0
0,0.710934187,36,0,1.680216802,3320.0,14,0,1,0,0.0
0,0.193362915,52,0,0.532364374,5916.0,12,0,2,0,1.0
0,0.167376652,58,2,0.435871743,4989.0,18,0,2,0,0.0
0,0.005819,44,0,0.185257793,5100.0,24,0,1,0,2.0
0,0.007719691,45,0,0.002776235,1800.0,3,0,0,0,0.0
0,0.159982798,39,0,0.035741065,4000.0,5,0,0,0,0.0
0,0.602342598,53,0,0.579631481,7000.0,14,0,2,0,2.0
0,0.238067273,82,0,218.0,,2,0,0,0,0.0
0,0.276809043,59,1,1830.0,,18,0,0,0,2.0
0,0.9999999,45,0,0.0,,1,0,0,0,0.0
0,0.524112907,25,0,0.141840366,5900.0,5,0,0,0,1.0
0,0.977795296,64,0,0.617593602,2750.0,9,0,2,0,0.0
0,0.9999999,29,0,0.00768935,2600.0,0,0,0,0,1.0
0,0.029900741,30,0,0.116983288,7000.0,9,0,0,0,0.0
0,0.05002794,61,0,0.318025617,3200.0,7,0,1,0,0.0
0,0.420747206,49,0,0.670870627,7373.0,15,0,1,0,1.0
1,0.713159248,46,2,0.322247862,7366.0,10,0,0,0,1.0
0,0.040747963,58,0,0.180246436,15500.0,7,0,2,0,0.0
0,0.0,33,0,0.009175931,5666.0,9,0,0,0,0.0
0,0.537239909,58,0,0.468185607,3598.0,6,0,2,0,1.0
0,0.024734466,81,0,0.007323944,5324.0,8,0,0,0,0.0
0,0.189262358,55,0,0.193277311,6782.0,14,0,0,0,0.0
0,0.425065009,64,1,0.519107429,7483.0,17,0,4,0,1.0
0,0.275788968,47,0,0.216889709,6500.0,5,0,1,0,3.0
0,0.00691093,39,0,0.193553201,6700.0,6,0,1,0,1.0
0,0.0,77,0,8.0,,3,0,0,0,0.0
0,0.02906742,57,0,29.0,,6,0,0,0,0.0
0,0.208416477,69,0,0.358831931,6300.0,16,0,1,0,0.0
1,0.893510815,54,1,0.05426945,5269.0,6,1,0,0,0.0
0,0.178680647,51,0,2021.0,,4,0,1,0,0.0
0,0.018892813,34,0,0.369651522,6800.0,8,0,2,0,0.0
0,0.9999999,26,0,0.0,,0,0,0,0,0.0
0,0.806576402,60,0,0.079791024,4210.0,3,1,0,0,1.0
0,0.008434416,46,0,0.388048956,4166.0,5,0,1,0,3.0
0,0.855221695,40,0,0.151539069,3800.0,6,0,0,0,0.0
0,0.003573238,50,1,0.52218909,5700.0,8,0,2,0,0.0
0,0.055698877,64,0,0.149434091,11750.0,6,0,2,0,0.0
0,0.607239276,54,0,0.458199799,10920.0,8,0,1,0,1.0
0,0.307018379,59,0,0.17793194,10666.0,12,0,1,0,0.0
0,0.041044446,64,0,173.0,,6,0,0,0,0.0
0,0.9999999,62,1,1823.0,,5,2,1,0,0.0
1,1.041323205,42,2,1.682057276,1710.0,11,7,0,1,3.0
0,0.335396493,42,2,0.406289765,5500.0,9,0,1,0,4.0
0,0.0,55,0,0.152854921,4500.0,5,0,0,0,0.0
0,0.176313743,37,0,0.068983269,3884.0,3,0,0,0,1.0
0,0.066611829,34,0,0.206383489,8333.0,5,0,1,0,0.0
0,0.488817039,61,0,0.760545906,805.0,7,0,0,0,0.0
0,0.304182734,35,1,0.307190679,11500.0,10,0,2,0,0.0
0,0.123564228,45,0,0.202103511,13215.0,5,0,1,0,2.0
0,0.008268345,42,0,0.311337732,5000.0,9,0,1,0,0.0
0,0.094550094,71,0,68.0,,2,0,1,0,0.0
1,0.17565864,53,1,0.654369628,5583.0,16,0,4,0,3.0
0,0.249029773,50,0,263.0,,8,0,0,0,0.0
0,0.0,30,0,0.670666051,6500.0,13,0,2,0,0.0
1,0.9999999,62,0,0.100066269,3017.0,2,1,0,0,1.0
0,0.197491373,39,0,0.327393431,8585.0,13,0,2,0,2.0
0,0.296573148,41,1,0.206597371,11640.0,9,0,1,0,4.0
0,0.384977693,46,0,0.522197631,7680.0,16,0,2,0,4.0
0,0.9999999,42,0,536.0,,1,1,0,0,0.0
0,0.657567708,53,0,0.624136797,3040.0,5,0,2,0,0.0
0,0.145124125,35,1,0.273748076,11042.0,8,0,2,0,2.0
0,0.0,61,0,839.0,0.0,5,0,1,0,0.0
0,0.011079778,55,1,0.247574498,11543.0,9,0,1,0,3.0
0,0.049796581,55,0,0.208030963,6200.0,9,0,1,0,0.0
0,0.020476953,44,0,0.104223944,4000.0,7,0,0,0,0.0
0,0.06940756,64,0,63.0,,3,0,0,0,1.0
0,0.0,39,0,0.356802082,6916.0,5,0,2,0,0.0
0,0.581831615,67,0,0.301230378,2356.0,7,0,0,0,0.0
1,0.9999999,46,3,1667.0,,10,1,0,0,3.0
0,0.511632848,50,1,1.543228386,2000.0,11,0,1,0,0.0
0,0.420774892,67,0,0.371628796,4708.0,7,0,1,0,0.0
0,0.003866099,85,0,0.413006959,4166.0,7,0,1,0,0.0
0,0.9999999,69,0,0.200539973,6666.0,3,0,1,0,0.0
0,0.9999999,44,0,26.0,,0,0,0,0,0.0
0,0.8240064,53,5,0.217317236,13500.0,10,0,1,0,0.0
0,0.058185115,63,0,0.224016984,10833.0,7,0,2,0,0.0
0,0.232060074,53,0,0.154980155,10581.0,6,0,1,0,2.0
0,0.011428245,78,0,0.00235248,5100.0,3,0,0,0,0.0
1,0.682030814,78,5,0.640671866,5000.0,12,2,2,0,0.0
0,0.148871278,44,0,2417.0,,3,0,1,0,2.0
0,0.281163395,47,0,0.271420357,10433.0,13,0,1,0,2.0
0,0.237170101,42,0,0.222081886,9500.0,5,0,1,0,2.0
0,0.606393606,42,2,0.109221128,4467.0,4,0,0,0,0.0
0,0.048444759,71,0,0.199003138,5416.0,7,0,1,0,0.0
0,0.582955157,38,0,0.706102966,2932.0,4,0,1,0,0.0
0,0.533573321,45,0,4168.0,,4,0,2,0,0.0
1,0.552763149,33,0,0.681742662,5416.0,7,0,2,0,0.0
0,0.303335733,38,0,0.315640881,7083.0,12,0,2,0,0.0
0,0.237111665,50,0,0.257160393,9775.0,9,0,2,0,2.0
0,0.065289807,25,0,0.097634122,3000.0,2,0,0,0,1.0
0,0.472297911,42,0,0.108730584,3733.0,5,0,0,0,0.0
0,0.0,32,0,0.456458636,2755.0,3,0,1,0,0.0
0,0.023915564,84,0,0.124468883,4000.0,13,0,2,0,0.0
0,0.956127303,71,0,0.446941882,11166.0,8,0,1,0,1.0
0,0.050827151,55,0,0.679960582,17250.0,19,0,10,0,0.0
0,0.093456934,68,0,948.0,,9,0,1,0,0.0
0,0.027427265,42,0,0.300468436,4482.0,4,0,1,0,3.0
0,0.097445128,67,1,0.3601802,9100.0,13,0,4,0,0.0
0,3.23e-05,60,1,0.056588682,5000.0,15,0,0,1,0.0
0,0.0,73,0,642.0,,6,0,1,0,0.0
0,0.044842704,72,0,0.088252259,5200.0,6,0,0,0,1.0
0,0.155525949,42,0,0.892586773,7000.0,13,0,4,0,3.0
0,0.9999999,36,2,1.558723885,7083.0,8,0,5,0,0.0
0,0.024141833,30,0,0.319342031,1762.0,7,0,0,0,0.0
0,0.075163183,54,0,365.0,,4,0,0,0,0.0
0,0.510835692,56,0,0.59271455,9717.0,18,0,2,0,2.0
0,0.206981184,43,0,0.303341902,3500.0,7,0,2,0,2.0
0,0.013179767,40,0,0.717396134,4500.0,32,0,2,0,2.0
0,0.9999999,61,0,0.0,2178.0,2,0,0,0,0.0
0,0.879916818,73,0,4441.0,,5,0,2,0,0.0
0,0.003116843,46,2,0.418681913,12942.0,14,0,3,0,2.0
0,0.023919142,66,0,0.011427211,8400.0,7,0,0,0,0.0
0,0.9999999,31,0,0.55562958,1500.0,4,0,0,0,0.0
0,0.04390776,54,0,0.42709599,6583.0,10,0,2,0,2.0
1,0.9999999,41,0,516.0,,2,2,0,1,0.0
0,0.03211302,51,0,0.144365104,6441.0,6,0,1,0,0.0
1,0.815450444,26,1,913.0,,2,3,0,0,
0,0.334929838,33,0,0.138426454,4384.0,8,0,0,0,1.0
0,0.062787443,37,0,0.50744279,4500.0,7,0,2,0,0.0
0,0.42186452,34,0,0.034866533,11500.0,6,0,0,0,1.0
0,0.940501487,45,0,2155.0,1.0,6,0,2,0,4.0
0,0.012894915,72,0,2390.0,,12,0,2,0,0.0
0,1.114856429,27,1,0.081167533,2500.0,4,2,0,2,1.0
0,0.132324512,57,1,0.50969806,5000.0,9,0,3,0,2.0
0,0.209002817,43,0,0.296127977,5500.0,9,0,1,0,1.0
0,0.157095284,82,1,0.138070792,3700.0,12,0,0,0,0.0
0,1.540765391,53,1,0.022733498,3650.0,2,2,0,2,0.0
0,0.017337784,49,0,2566.0,,13,0,1,0,0.0
0,0.234638268,62,0,803.0,,7,0,1,1,0.0
0,0.572680069,53,0,0.332507228,9683.0,11,0,1,0,0.0
0,0.0,45,0,2806.0,,9,0,2,0,0.0
0,0.932472196,40,0,0.46149169,4933.0,11,0,1,0,2.0
0,0.059681656,34,2,0.097451274,2000.0,6,0,0,0,1.0
0,0.305963267,52,1,0.304873546,10833.0,7,0,1,0,2.0
0,0.9999999,37,0,0.216496828,5200.0,5,0,0,0,2.0
0,0.012974026,62,0,0.200876741,3877.0,7,0,1,0,1.0
0,0.06886362,33,0,0.02456441,3500.0,5,0,0,0,0.0
0,0.072656388,28,0,0.270560191,7550.0,7,0,1,0,2.0
0,0.952361009,39,0,0.397239522,5940.0,6,0,1,0,2.0
0,0.063207204,49,0,0.188170414,16500.0,8,0,1,0,1.0
1,0.291812018,42,0,0.425057494,10000.0,11,0,2,0,0.0
0,0.425149701,30,0,0.396354014,3400.0,5,0,1,0,0.0
0,0.366188867,68,0,0.484303139,5000.0,10,0,2,0,0.0
0,0.9999999,22,0,35.0,,1,0,0,0,0.0
0,0.161702583,31,0,0.824642363,2166.0,7,0,2,0,0.0
0,0.462399783,46,1,0.84503874,4000.0,9,0,1,0,1.0
0,0.328353945,54,0,0.065327889,12000.0,4,0,0,0,0.0
0,0.933290708,40,0,0.481723863,6264.0,10,0,1,1,2.0
0,0.048681648,48,0,0.399238095,5249.0,12,0,2,0,1.0
1,0.157820747,63,0,0.362563581,9829.0,17,0,1,0,0.0
0,0.057155929,60,0,0.224294881,6700.0,10,0,1,0,0.0
0,0.0,68,0,0.548577761,2706.0,8,0,1,0,0.0
0,0.070803356,54,0,574.0,,10,0,0,0,0.0
0,0.419236899,60,0,0.303605924,6211.0,6,0,2,0,0.0
0,0.402966155,58,0,0.34350663,4750.0,11,0,1,0,1.0
0,0.017539513,60,0,0.3303785,7106.0,10,0,2,0,0.0
0,0.000602003,69,0,3.312134218,2562.0,28,0,1,0,0.0
0,0.0,80,0,0.0,5300.0,8,0,0,0,0.0
0,0.458229568,35,0,0.458847051,3000.0,7,0,1,0,1.0
0,0.192085044,39,1,0.066155641,6000.0,4,0,0,0,1.0
0,0.111544837,47,0,0.018165837,3412.0,4,0,0,0,1.0
0,0.632640914,52,5,0.403823178,10043.0,15,1,2,0,0.0
0,0.492786745,28,0,0.277326671,1600.0,8,0,0,0,0.0
0,0.50896598,46,0,0.398671096,3611.0,6,0,1,0,2.0
0,0.0,83,0,0.166666667,5.0,4,0,0,0,0.0
0,0.040806774,29,0,0.285567364,5833.0,5,0,1,0,0.0
0,0.7047715,42,1,0.376058881,7200.0,4,0,1,0,3.0
0,0.391519292,33,0,1.080467125,6250.0,15,0,2,0,0.0
0,0.001542846,63,0,4612.0,,19,0,2,0,1.0
0,0.026529796,66,0,0.064485538,8435.0,8,0,0,0,1.0
0,0.025424869,55,2,0.521949078,6833.0,11,0,4,0,0.0
0,0.037001546,68,2,0.55102414,5467.0,24,0,2,0,0.0
0,0.02659867,45,0,0.049966369,10406.0,4,0,0,0,2.0
0,0.069142344,61,1,0.165483263,6900.0,6,0,0,0,0.0
0,0.273529828,72,1,0.627936166,5576.0,16,0,3,0,0.0
0,0.00945076,28,0,0.068887634,7083.0,7,0,0,0,1.0
0,0.261015453,60,0,0.245537021,6833.0,7,0,2,0,0.0
0,0.222343423,38,0,0.553217519,4086.0,4,0,1,0,2.0
0,0.442206277,60,0,0.184125519,6500.0,16,0,0,0,0.0
0,0.006497166,67,0,0.085982803,5000.0,15,0,1,0,0.0
0,0.97720926,32,0,0.394691486,2900.0,6,0,0,0,2.0
0,0.036735203,53,0,0.419694397,2944.0,4,0,1,0,0.0
0,0.008776529,54,0,0.187581242,10000.0,14,0,2,0,0.0
0,0.9999999,36,0,0.0,4500.0,3,0,0,0,3.0
0,0.12254761,63,0,0.117030381,9347.0,13,0,1,0,1.0
0,0.0,62,0,3225.0,,11,0,2,0,0.0
0,0.014099295,48,0,0.523266679,5350.0,4,0,1,0,3.0
0,0.169455808,62,0,129.0,,4,0,0,0,0.0
0,0.273445312,59,0,0.601962923,2750.0,9,0,1,0,0.0
0,0.474242103,52,2,0.557583659,2300.0,12,0,0,0,0.0
0,0.884411559,30,0,0.409434583,6083.0,7,0,2,0,1.0
0,0.9999999,43,0,0.419410745,7500.0,3,0,2,0,2.0
0,0.30152062,41,0,0.531315095,7200.0,4,0,1,0,2.0
0,0.436735636,44,0,0.337155046,7500.0,5,0,2,0,2.0
1,0.604042114,58,0,0.278831169,7699.0,10,0,2,0,0.0
0,0.268231677,61,0,0.586682663,5000.0,16,0,2,0,1.0
0,0.016489697,65,0,2441.0,,13,0,2,0,
1,0.736895555,40,0,2494.0,,11,0,1,0,1.0
0,0.00103696,63,0,2263.0,,6,0,1,0,0.0
0,0.0358056,62,0,0.268891446,7820.0,27,0,1,0,0.0
0,0.006481033,68,0,0.313308485,9121.0,10,0,3,0,2.0
0,0.078271541,69,0,1408.0,,9,0,1,0,0.0
0,0.79233759,26,0,0.046649389,2700.0,2,0,0,0,2.0
0,0.055013599,44,0,0.866169022,3750.0,17,0,1,0,1.0
0,0.221805686,30,0,0.099605822,6595.0,7,0,0,0,0.0
0,0.002432385,39,0,0.072860549,11322.0,12,0,0,0,3.0
0,0.017402945,31,0,1770.0,,14,0,2,0,0.0
0,0.986602679,33,1,0.563518917,3250.0,5,1,1,0,0.0
0,0.001999947,92,0,214.0,,9,0,1,0,0.0
0,0.262440799,39,0,0.286171383,10000.0,12,0,1,0,1.0
0,0.380813499,51,0,0.115527292,1886.0,5,0,0,0,0.0
0,0.010141719,71,0,0.122469383,4000.0,8,0,1,0,0.0
0,0.729840746,39,0,0.524322246,5200.0,14,0,0,0,0.0
0,0.003157853,56,0,0.231339333,17000.0,13,0,3,0,1.0
0,0.018811237,68,0,0.011322464,4415.0,5,0,0,0,0.0
0,0.118094489,75,0,0.379112272,3829.0,6,0,1,0,0.0
0,0.187517134,58,0,0.334458193,8000.0,7,0,2,0,1.0
0,0.387588718,48,1,0.296555009,6298.0,10,0,1,0,2.0
0,0.073310898,60,0,0.620819909,9000.0,12,0,2,0,0.0
0,0.228534626,41,0,0.453967806,7081.0,7,0,1,0,0.0
0,0.774833339,40,0,0.254092397,5497.0,7,0,0,0,0.0
0,0.303068396,54,0,0.452109578,5000.0,4,0,2,0,0.0
0,0.152000411,72,0,0.595130204,16550.0,26,0,12,0,0.0
0,0.0,32,0,0.64113239,1200.0,4,0,0,0,2.0
0,0.776630976,76,0,0.804575786,2097.0,7,0,1,0,0.0
0,0.0,28,0,0.0,1825.0,3,0,0,0,0.0
0,0.033205752,39,0,0.369663058,8220.0,7,0,1,0,3.0
0,0.01333899,60,0,35.0,,18,0,0,0,0.0
0,0.9999999,32,1,0.294789436,1400.0,1,0,0,0,0.0
0,0.220222279,64,0,0.306144148,13166.0,8,0,2,0,0.0
1,0.642984014,71,2,1473.0,,2,0,1,0,0.0
0,0.611944332,68,1,0.237097696,5250.0,8,3,0,0,0.0
0,0.0,34,0,0.317323306,11700.0,9,0,2,0,2.0
0,0.976011994,24,0,0.027756059,2557.0,3,0,0,0,0.0
0,0.008999719,61,0,0.358034971,1200.0,9,0,1,0,0.0
0,0.311852407,57,0,0.271198157,4339.0,12,0,0,0,0.0
1,1.238451935,30,1,0.114647559,6000.0,5,0,0,1,0.0
0,0.144834658,25,1,0.008508627,4230.0,2,1,0,1,0.0
0,0.046105544,75,0,0.142957746,2839.0,4,0,0,0,0.0
0,0.003999884,36,0,0.053220084,9300.0,6,0,0,0,4.0
0,0.0,29,0,0.183912534,2560.0,3,0,0,0,1.0
0,0.737763112,37,0,0.232691827,4000.0,6,0,0,0,0.0
0,0.004512962,63,0,0.188233589,6900.0,14,0,1,0,0.0
0,0.016178,57,0,2490.0,,7,0,2,0,0.0
0,0.03517931,30,0,0.295262115,5550.0,9,0,2,0,0.0
0,0.607083378,56,0,0.288380775,15000.0,27,0,1,0,0.0
0,0.199454793,23,0,0.119205298,150.0,4,0,0,0,0.0
0,0.102657816,75,0,0.40029985,2000.0,10,0,1,0,0.0
0,0.030483896,50,0,1744.0,,11,0,1,0,0.0
0,0.0,40,0,0.113082877,5296.0,5,0,0,0,0.0
0,0.022670715,56,0,1260.0,,7,0,1,0,0.0
0,0.051401705,55,0,0.394967956,4212.0,12,0,2,0,0.0
0,0.331180461,61,0,0.422610803,5775.0,13,0,2,0,0.0
1,0.550824809,46,2,0.352962895,5416.0,10,0,2,0,5.0
0,0.9999999,24,0,0.0,1000.0,0,0,0,0,0.0
0,0.00989901,39,0,0.000390016,5127.0,2,0,0,0,1.0
0,0.0,54,0,0.142130366,6289.0,3,0,1,0,0.0
0,0.022570842,57,0,0.240832303,4853.0,10,0,0,0,0.0
0,0.868310169,51,0,0.11699766,16666.0,5,0,1,0,0.0
0,1.023326854,46,1,0.492099323,3100.0,4,2,1,1,0.0
0,0.044521707,40,0,0.90323205,5166.0,15,0,2,0,0.0
0,0.031999086,37,0,0.237283692,11441.0,5,0,2,0,2.0
0,0.004324712,82,0,7.0,,5,0,0,0,1.0
0,0.026172565,64,0,0.161994109,18333.0,8,0,2,0,0.0
1,0.037910913,46,0,0.458285527,6100.0,18,0,2,0,1.0
0,0.385438625,36,0,0.442257218,6095.0,8,0,1,0,1.0
0,0.055080894,72,0,0.002670623,3369.0,2,0,0,0,0.0
0,0.02615348,58,0,3493.0,,14,0,1,0,0.0
0,0.123683392,52,0,1241.0,,5,0,2,0,0.0
0,0.103775215,65,0,0.222071349,8100.0,6,0,2,0,3.0
0,0.065421016,56,1,0.238432226,1836.0,9,0,0,0,0.0
0,0.125315353,62,0,0.030904408,6600.0,8,1,0,0,1.0
0,0.0,84,0,0.0,,7,0,0,0,0.0
0,0.9999999,22,0,0.0,929.0,1,0,0,0,0.0
0,0.073415187,74,0,1269.0,,16,0,1,0,0.0
0,0.000327861,56,0,0.185227855,7811.0,4,0,1,0,0.0
0,0.0,74,0,0.0,,2,0,0,0,2.0
0,0.020755591,56,0,0.22397365,8500.0,7,0,2,0,1.0
0,0.088463938,52,0,0.510354171,5166.0,8,0,1,0,0.0
0,0.023728447,67,0,0.25574885,5000.0,5,0,2,0,0.0
0,0.585352562,70,0,1.840672197,4700.0,32,0,7,0,0.0
0,0.0,44,0,0.057366011,7425.0,15,0,0,0,0.0
0,0.245808337,39,1,0.011418205,9370.0,7,0,0,1,4.0
0,0.979704335,44,0,0.812397746,5500.0,8,0,1,0,1.0
0,0.286659589,54,0,0.487930296,7000.0,13,0,2,0,1.0
0,0.828018468,45,0,0.660603113,10279.0,9,0,2,0,4.0
0,0.115648496,53,0,0.161848149,3700.0,15,0,0,0,0.0
0,0.0,63,0,0.415833667,2500.0,9,0,1,0,0.0
0,0.000941066,25,0,0.097342805,3800.0,7,0,0,0,0.0
0,0.009825892,32,0,325.0,,2,0,0,0,0.0
0,0.498582547,40,1,873.0,,4,0,0,1,0.0
0,0.07506363,64,0,173.0,0.0,14,0,0,0,0.0
0,0.029707714,47,0,0.180204005,7940.0,3,0,1,0,0.0
0,0.743256743,25,0,45.0,,3,0,0,0,0.0
0,0.9999999,23,0,0.085975436,3500.0,3,0,0,0,1.0
0,0.046134512,56,0,0.010864278,12333.0,7,0,0,0,2.0
0,0.857057874,52,0,0.521237458,11959.0,10,0,2,0,3.0
0,0.063916697,49,0,0.382861714,10000.0,11,0,3,0,2.0
0,0.173047098,52,0,0.411997931,5800.0,12,0,2,0,1.0
0,0.016772029,61,1,0.280860349,3207.0,7,0,1,0,0.0
0,0.296445154,42,0,0.755422243,2166.0,16,0,0,0,0.0
0,0.06402224,55,0,0.67637008,7900.0,16,0,4,0,0.0
0,0.655959139,59,0,0.426971535,15000.0,15,0,3,0,0.0
0,0.180091444,61,0,0.19950306,16500.0,17,0,1,0,0.0
0,0.0,48,0,0.0,,1,0,0,0,0.0
0,0.010674503,57,0,0.004581152,4583.0,5,0,0,0,1.0
0,0.0,63,0,0.0,,1,0,0,0,0.0
0,0.0,33,0,0.308648369,1930.0,8,0,0,0,1.0
0,0.412782989,62,2,0.609199459,17000.0,17,0,6,0,2.0
0,0.9999999,41,1,0.215949693,6996.0,1,0,1,0,0.0
0,0.0,62,0,0.0,,3,0,0,0,0.0
0,0.196713197,39,0,0.315514993,2300.0,5,0,0,0,0.0
0,0.035975131,44,0,3255.0,,7,0,3,0,0.0
0,0.9999999,44,0,0.0,,1,0,0,0,0.0
0,0.005669068,86,0,0.00119952,2500.0,3,0,0,0,2.0
0,0.535450248,43,0,0.561657221,5116.0,7,0,2,0,0.0
0,0.080303592,45,1,0.009252566,20750.0,6,0,0,0,0.0
0,0.130785599,55,0,0.1380369,34200.0,7,0,1,0,5.0
1,0.9999999,73,2,536.0,,3,2,0,0,0.0
0,5.68e-05,49,0,0.27972028,1000.0,8,0,0,0,0.0
0,0.031004744,61,0,0.126772984,13606.0,6,0,1,0,1.0
1,0.9999999,29,0,412.0,,1,0,0,1,0.0
0,0.021281369,50,0,0.30103201,11433.0,11,0,2,0,2.0
0,0.993668381,62,0,0.878433849,3166.0,8,0,1,0,0.0
0,0.76832371,57,0,7518.0,,15,0,3,0,1.0
0,0.0,33,0,0.357528624,4628.0,8,0,0,0,2.0
0,0.0,63,0,54.0,,2,0,0,0,0.0
0,0.009654537,73,0,0.122830656,18553.0,6,0,1,0,1.0
0,0.617044611,39,0,0.360834256,5417.0,6,0,1,0,2.0
0,0.123545616,48,0,1.056420511,7000.0,13,0,1,0,2.0
0,0.9999999,37,0,732.0,,8,0,0,0,0.0
0,0.83210715,26,0,0.211115554,2500.0,5,0,0,0,0.0
0,0.81855212,40,0,0.961725221,3500.0,8,0,1,0,3.0
0,0.083357777,61,0,115.0,,6,0,0,0,0.0
0,0.508089524,52,1,0.367642495,9666.0,9,0,1,0,2.0
0,0.2328918,50,0,0.491439149,2160.0,7,0,2,0,2.0
0,0.511252478,54,0,0.291380999,6125.0,6,0,1,0,2.0
0,0.013605442,48,0,0.006247397,2400.0,5,0,0,0,4.0
0,0.024951906,64,0,0.353173681,4300.0,9,0,1,0,0.0
0,0.598916968,48,0,0.551595621,8585.0,13,0,4,0,5.0
0,0.064566307,59,0,3800.0,,9,0,5,0,0.0
0,1.014558271,58,1,0.393939394,3200.0,3,3,1,0,2.0
0,1.008328706,27,0,1.572951366,1500.0,4,0,1,2,0.0
1,0.553449836,40,0,0.242292951,6000.0,6,0,0,0,3.0
0,0.014895524,54,0,1057.0,,7,0,1,0,1.0
0,0.9999999,73,0,38.0,,1,0,0,0,
0,0.405617556,30,0,0.358940177,6000.0,11,0,1,0,1.0
0,0.9999999,70,0,0.01721266,1800.0,3,0,0,0,0.0
0,0.603505327,33,0,0.316021491,7258.0,5,0,2,0,2.0
0,0.062079792,76,0,0.017994002,3000.0,3,0,0,0,0.0
0,0.720365944,75,0,0.115490376,12000.0,7,0,0,0,0.0
1,0.960968558,45,2,4824.0,,9,5,3,1,0.0
0,0.0,66,0,0.088192018,10873.0,8,0,0,0,1.0
0,0.9999999,46,0,0.267377642,5250.0,4,0,1,0,2.0
0,0.66474682,27,0,0.095444238,4850.0,7,0,0,0,0.0
0,0.120716207,53,0,0.431064321,6933.0,7,0,2,0,3.0
0,0.011788888,80,0,0.277897768,4166.0,18,0,0,0,1.0
0,0.275682375,53,0,0.216472239,11400.0,8,0,3,0,1.0
0,0.008584543,49,0,0.215432896,10833.0,7,0,1,0,0.0
0,0.281348051,43,0,0.094798553,8016.0,4,0,0,0,4.0
0,0.19799175,31,1,0.133554695,5420.0,9,0,0,0,2.0
0,0.014884668,68,0,0.154338265,2500.0,12,0,0,0,0.0
0,0.011710218,62,1,0.977256872,7166.0,18,0,8,0,0.0
1,1.00159968,42,1,0.083563748,3254.0,3,1,0,0,4.0
0,0.826537601,49,0,0.45482866,8666.0,9,0,2,0,3.0
0,0.150452449,36,0,0.510595762,2500.0,13,0,1,0,1.0
0,0.033249745,88,0,59.0,,9,0,0,0,
0,0.521350075,31,0,0.876098152,3300.0,8,0,1,0,0.0
0,0.399931711,34,0,0.892295388,3750.0,15,0,2,0,2.0
0,0.236298093,56,0,0.229969633,8561.0,12,0,2,0,1.0
0,0.221143214,32,0,0.374240583,5760.0,16,0,1,0,0.0
0,0.071243566,76,0,1730.0,,8,0,1,0,0.0
0,0.514138103,55,0,0.509076559,3800.0,12,0,1,0,0.0
0,0.011729096,53,0,20.0,,3,0,0,0,0.0
0,0.059803828,51,0,436.0,,3,0,0,0,0.0
0,0.611344568,46,0,0.612359973,13300.0,10,0,2,0,0.0
0,0.512039037,34,0,0.497566562,3492.0,6,0,1,1,4.0
0,0.0,36,0,2240.0,,6,0,1,0,0.0
0,0.257734384,56,2,0.261180008,2660.0,6,0,0,0,2.0
0,0.409889289,38,0,0.782426778,2150.0,8,0,1,0,1.0
0,0.430795023,61,0,0.140514383,11158.0,14,0,2,0,0.0
0,1.018196361,57,0,0.320477036,3940.0,5,0,0,0,1.0
0,0.812705826,32,0,0.134955015,3000.0,7,0,0,0,0.0
0,0.282884975,40,0,131.0,,11,0,0,0,
0,0.009585876,33,0,0.068982754,4000.0,4,0,0,0,0.0
0,0.146390241,61,0,65.0,,3,0,0,0,0.0
0,0.113026852,46,0,0.139914362,8640.0,10,0,0,0,2.0
0,0.474252847,56,0,0.765777778,4499.0,13,1,1,0,0.0
0,0.933499721,52,0,0.403605466,8708.0,11,4,2,1,2.0
0,0.018074746,44,0,2994.0,,10,0,1,0,0.0
0,0.086675428,49,0,1016.0,,14,0,1,0,2.0
0,0.7712425,46,0,4599.0,,9,0,2,0,1.0
0,0.604743083,31,1,0.15928024,3000.0,5,0,0,0,0.0
0,0.106566354,69,0,0.089988751,8000.0,5,0,0,0,0.0
0,0.087526032,67,1,0.888138983,8000.0,24,0,3,0,0.0
0,0.056659921,25,0,0.012256669,2773.0,3,0,0,0,0.0
0,0.116113094,75,0,0.352162218,4832.0,12,0,1,0,0.0
0,0.38584796,40,1,0.45229298,4600.0,6,0,1,0,3.0
0,0.021450139,37,0,907.0,,7,0,1,0,4.0
0,0.9999999,72,0,0.0,,3,0,0,0,
0,0.910089337,48,0,0.74836316,9163.0,16,0,3,0,1.0
0,0.011597477,54,0,0.567314884,2673.0,8,0,1,0,0.0
0,0.207096307,75,0,2861.0,,5,0,2,0,0.0
0,0.214728741,46,0,2260.0,,8,0,3,0,0.0
0,0.999876161,34,0,1422.0,,3,0,1,0,0.0
1,0.0,47,0,0.493923951,5101.0,4,0,2,2,3.0
1,0.970553634,41,1,0.36744777,7083.0,10,0,1,0,0.0
0,0.08935003,39,0,0.374510502,8426.0,13,0,3,0,0.0
0,0.087982404,51,0,885.0,,2,0,1,0,0.0
0,0.150364596,53,0,0.25234946,5745.0,9,0,1,0,3.0
0,0.090577008,59,0,0.2892728,7466.0,17,0,2,0,1.0
0,0.027614677,43,0,0.216222702,8333.0,9,0,2,0,2.0
0,0.320121567,62,2,0.240940725,8333.0,19,0,1,0,0.0
0,0.576000476,50,0,0.328139322,12000.0,7,0,1,0,2.0
0,0.088039626,53,0,0.211589472,4900.0,7,0,1,0,1.0
0,0.9999999,40,0,53.0,,1,0,0,0,0.0
0,0.0,56,0,0.37450008,6250.0,5,0,1,0,0.0
0,0.220404168,60,0,0.406299475,12000.0,8,0,3,0,2.0
0,0.928143713,25,0,0.441967717,1300.0,5,0,0,0,3.0
0,0.407424351,52,0,0.16459276,3535.0,3,0,0,0,0.0
0,0.071070404,35,0,1772.0,1.0,12,0,1,0,2.0
0,0.437451097,47,0,4790.0,,14,0,2,0,2.0
1,1.263473054,37,1,0.335584977,3700.0,6,2,1,5,1.0
0,0.103342801,45,0,0.190716202,12300.0,9,0,1,0,4.0
0,0.108772591,66,1,0.458386143,7100.0,15,0,3,0,1.0
1,0.600309637,81,0,312.0,,3,0,0,1,0.0
1,0.800047039,54,1,1.666307084,2780.0,19,1,2,1,0.0
0,0.034196947,32,0,0.111744413,20000.0,5,0,1,0,2.0
0,0.025846018,72,0,2922.0,,9,0,2,0,0.0
0,0.006203828,45,0,0.075792421,10000.0,4,0,1,0,4.0
0,0.014361343,62,0,0.428295198,3102.0,7,0,1,0,0.0
0,0.08166213,56,0,0.367733601,6966.0,6,0,3,0,3.0
0,0.014086344,38,0,0.684631499,5250.0,7,0,1,0,2.0
0,0.153980956,42,0,0.248964751,9900.0,15,0,1,0,1.0
0,0.010297434,33,0,0.02994012,4675.0,3,1,0,0,0.0
0,0.0,72,0,0.0,3471.0,4,0,0,0,0.0
0,0.552844504,67,0,0.69878233,11250.0,28,0,2,0,0.0
0,0.023150289,65,0,951.0,,8,0,1,0,0.0
1,0.9999999,58,0,0.001831781,6550.0,0,0,0,1,0.0
0,0.0,42,0,0.268704018,8834.0,6,0,1,0,0.0
0,0.166240828,59,0,0.41705037,7166.0,25,0,2,0,1.0
1,1.680213191,34,2,0.818394845,1706.0,5,2,1,1,4.0
0,0.047108055,59,0,0.108338405,11500.0,7,0,2,0,1.0
0,0.008068782,65,0,0.004475888,6925.0,6,0,0,0,0.0
0,0.076848079,48,0,3183.0,,10,0,2,0,0.0
0,0.338989213,30,0,0.966116053,2360.0,4,0,2,0,0.0
0,0.36010134,60,0,0.226424126,8355.0,14,1,2,0,0.0
0,0.003964078,59,0,3.0,,4,0,0,0,0.0
0,8e-05,66,0,0.002635914,3034.0,5,0,0,0,1.0
0,1.591362126,63,0,14.0,,1,0,0,1,0.0
0,0.0,35,0,8199.0,,7,0,1,1,0.0
0,0.517956837,63,0,1.115295926,1300.0,6,0,0,0,0.0
0,0.020639901,77,0,0.186513995,3929.0,13,0,1,0,0.0
0,0.602794411,25,0,0.065868263,333.0,2,0,0,0,0.0
0,0.756587855,51,3,0.184788431,5600.0,14,0,0,0,0.0
0,0.20067323,65,0,1.017363852,3800.0,11,0,2,0,1.0
0,0.115035973,62,0,0.345509088,11333.0,9,0,3,0,1.0
0,0.025474142,35,0,0.014968656,160000.0,21,0,1,0,2.0
0,0.005534999,40,0,0.816245487,2769.0,3,0,1,0,0.0
0,0.086746067,46,0,0.3956643,7887.0,16,0,1,0,2.0
0,0.077270563,77,0,1.187906047,2000.0,17,0,2,0,0.0
0,0.060384343,72,0,0.804712042,1909.0,9,0,1,0,0.0
0,0.545736434,49,0,0.37822327,12719.0,15,0,2,0,0.0
0,0.146722613,63,0,0.120013523,8873.0,8,0,0,0,0.0
0,0.0,39,0,0.386055375,8920.0,11,0,4,0,3.0
0,0.043416603,51,0,0.178764247,5000.0,11,0,0,0,2.0
0,0.050910002,81,0,0.069834413,4166.0,11,0,0,0,0.0
0,0.182522676,50,0,0.081989068,7500.0,13,0,1,0,3.0
0,0.620662105,44,0,0.238423997,8400.0,10,0,0,0,1.0
0,0.001650325,34,0,0.0,3500.0,4,0,0,0,0.0
0,0.98940212,45,0,0.659367032,6666.0,9,0,2,0,0.0
0,0.9999999,29,0,0.119576085,5000.0,0,0,0,0,0.0
0,0.0,39,0,0.253860601,9583.0,8,0,1,0,5.0
0,0.0,50,0,0.370589524,9125.0,9,0,2,0,0.0
0,0.130054372,27,0,0.232307077,2500.0,4,0,0,0,0.0
0,0.100556184,58,0,0.448284137,4166.0,10,0,2,0,1.0
0,0.649909146,57,2,2200.0,,7,0,1,1,0.0
1,0.069422139,27,2,0.302024989,2320.0,8,1,0,0,2.0
0,0.912443985,59,1,0.706377468,3088.0,6,0,3,0,1.0
0,0.474602322,49,0,0.357127169,9105.0,15,0,2,0,1.0
0,0.348418617,47,0,3335.0,,9,0,2,0,2.0
0,0.862298196,75,2,0.485935209,7500.0,18,0,1,0,0.0
0,0.076351689,46,1,0.240506329,1500.0,3,0,0,0,2.0
0,0.748205864,63,0,1.219254863,3032.0,9,0,2,0,0.0
0,0.073601798,29,0,0.150543958,3400.0,8,0,0,0,0.0
0,0.471120305,72,0,0.414612415,6733.0,12,0,2,0,0.0
0,0.0,51,0,2631.0,,5,0,3,0,0.0
0,0.183832674,57,0,0.219007369,9227.0,18,0,1,0,0.0
0,0.497812555,79,0,0.247785925,10500.0,6,0,1,0,0.0
0,0.48041815,52,0,8140.0,,7,0,2,0,4.0
0,0.016703138,61,0,0.002529156,7116.0,5,0,0,0,0.0
0,0.399556049,34,0,0.189270243,3000.0,4,0,0,0,0.0
0,0.059329738,36,0,0.232137733,10454.0,4,0,2,0,0.0
0,0.023886053,57,0,0.052638557,7541.0,4,0,0,0,0.0
0,0.632734531,48,0,0.000814406,11050.0,1,0,0,0,5.0
0,0.9999999,24,0,0.213893053,2000.0,2,0,0,0,0.0
1,0.946378479,40,0,0.899507216,5681.0,11,2,2,0,1.0
0,0.162379868,40,0,0.310359775,4613.0,6,0,1,0,3.0
0,0.437216705,37,0,0.41195097,9789.0,6,0,1,0,1.0
0,0.013764582,40,1,0.346027018,9400.0,10,0,2,0,2.0
0,0.9999999,39,0,5249.0,,9,0,2,0,0.0
0,0.02838728,54,0,0.220540889,6211.0,5,0,1,0,0.0
0,0.040262851,49,0,11.41791045,200.0,7,0,2,0,0.0
0,0.0,63,0,0.0,,1,0,0,0,0.0
0,0.019948206,87,0,0.00505997,5335.0,4,0,1,0,0.0
0,0.142660473,42,0,0.523916293,2675.0,18,0,1,0,0.0
0,0.029562118,37,0,0.522997579,9500.0,16,0,4,0,2.0
0,0.205599467,57,0,0.192590003,2860.0,5,0,0,0,0.0
0,0.027531498,42,0,0.265546891,5000.0,9,0,2,0,0.0
0,0.060039033,45,0,0.710885681,5125.0,10,0,3,0,0.0
0,0.285884351,61,0,0.200959968,30000.0,8,0,1,0,2.0
1,0.666637038,46,0,0.713805884,8633.0,11,0,4,0,1.0
0,0.604028501,63,1,0.465795455,8799.0,11,0,1,0,0.0
1,0.9999999,40,1,3483.0,,7,1,3,0,
0,0.89678511,38,0,0.207820564,10075.0,4,0,2,0,2.0
0,0.610529228,36,0,0.131657974,6326.0,5,0,1,0,1.0
0,0.032261975,85,0,0.004475764,10500.0,10,0,0,0,0.0
0,0.25163128,48,0,0.24240482,7800.0,10,0,1,0,0.0
0,0.9999999,25,0,0.08119925,1600.0,1,0,0,0,1.0
0,0.305584692,43,0,0.505148515,5049.0,9,0,1,0,0.0
0,0.0,76,0,0.0,,4,0,0,0,0.0
0,0.266451486,47,0,0.294484506,5130.0,15,0,1,0,0.0
0,0.037672101,47,0,0.318266639,9645.0,20,0,1,0,1.0
0,0.9999999,54,1,0.186414108,7654.0,2,1,1,0,3.0
0,0.096246544,35,0,0.142716535,2031.0,14,0,0,0,0.0
0,0.732066202,52,0,0.333162218,7791.0,10,0,0,1,0.0
0,0.086777264,87,0,3246.0,,8,0,1,0,
0,0.12190368,60,0,0.225754849,5000.0,13,0,1,0,0.0
0,0.005216938,74,0,1.0,0.0,4,0,0,0,0.0
0,0.003890716,50,0,0.300466356,1500.0,11,0,0,0,0.0
0,0.531441321,43,0,0.377284827,5634.0,9,0,2,0,0.0
0,0.41801185,34,0,0.48121292,4550.0,12,0,2,0,1.0
0,0.969621941,43,0,0.227675528,4400.0,4,0,0,0,0.0
0,0.32938915,43,0,0.732544996,11500.0,13,0,3,0,2.0
0,0.541655107,52,0,0.60660456,13202.0,21,0,2,0,2.0
0,0.040882958,53,0,4.415974789,16500.0,20,0,1,0,0.0
0,0.027365795,74,0,1661.0,,6,0,1,0,
0,0.043023924,62,0,0.19895288,9167.0,9,0,1,0,0.0
0,0.550800674,56,0,0.350182746,14500.0,9,0,1,0,0.0
0,0.9999999,46,0,0.298507463,3349.0,4,0,0,0,0.0
0,0.0,62,0,0.0,4166.0,2,0,0,0,0.0
0,0.036096303,45,0,0.679476422,5958.0,5,0,2,0,2.0
0,0.0,77,0,0.0,7077.0,8,0,0,0,0.0
0,0.008087997,64,0,0.312455004,4166.0,4,0,1,0,1.0
0,0.91206921,31,0,676.0,,5,0,0,0,0.0
0,0.008182574,56,0,0.446617889,6696.0,16,0,1,0,0.0
0,0.450880539,50,0,0.502287748,5900.0,10,0,2,0,0.0
0,0.535785686,45,2,4188.0,,9,0,2,1,
0,0.844184345,28,0,0.264578474,3000.0,3,0,0,0,0.0
0,0.111499491,50,1,0.357892763,5333.0,7,0,2,0,0.0
0,0.9999999,54,0,0.080814027,23782.0,6,0,1,0,3.0
0,0.228512236,31,0,0.127189825,4166.0,10,0,0,0,0.0
0,0.607149014,43,0,0.3944988,5416.0,8,0,1,0,3.0
0,0.092989668,27,0,0.184191955,2833.0,3,0,0,0,0.0
0,0.0,49,0,0.0,,3,0,0,0,0.0
0,0.9999999,38,0,16.0,,0,0,0,0,
0,0.976080019,37,1,0.484675805,6492.0,22,0,0,0,1.0
0,0.409774368,63,0,2170.0,,6,0,2,0,2.0
0,0.099726185,46,0,0.077051229,2400.0,4,0,0,0,1.0
0,0.538413492,47,0,25.0,,14,0,0,0,
0,0.001764602,46,0,1.459653317,1672.0,8,0,2,0,0.0
0,0.0,53,0,0.37652226,5008.0,12,0,2,0,2.0
0,0.073646318,74,0,1593.0,,10,0,1,0,0.0
0,0.49567227,60,0,0.849292057,4166.0,6,0,1,1,1.0
0,0.269162282,56,0,0.175486031,15533.0,12,0,1,0,0.0
0,0.020804007,60,0,2272.0,,10,0,1,0,0.0
0,0.021329718,74,0,0.021610251,5228.0,30,0,0,0,0.0
0,0.998766708,51,0,0.557243708,6515.0,5,0,1,0,3.0
0,0.552108382,57,0,0.939034046,2525.0,11,0,1,0,0.0
0,0.06311272,57,0,0.068586283,5000.0,17,0,0,0,0.0
0,0.008570958,70,0,504.0,,4,0,0,0,0.0
0,0.199276818,33,0,0.732574285,3600.0,10,0,2,0,0.0
0,0.021913537,25,0,380.0,,13,0,0,0,0.0
0,0.062911476,51,0,0.357748899,9310.0,15,0,1,0,0.0
0,0.028853136,79,0,74.0,,8,0,0,0,
0,0.250957608,59,0,0.376405899,4000.0,21,0,0,0,0.0
0,0.01209879,26,0,497.0,,5,0,0,0,0.0
0,0.292352466,63,0,1529.0,,7,0,1,0,0.0
0,0.9999999,50,0,2701.0,,1,0,1,0,0.0
0,0.0,42,0,0.067984892,4500.0,3,0,0,1,1.0
0,0.0,63,0,255.0,,7,0,1,0,0.0
0,0.072077117,61,0,0.187081292,10000.0,8,0,1,0,2.0
0,0.004194401,57,0,0.196938353,4833.0,5,0,1,0,1.0
0,0.054718648,57,0,0.010743446,6980.0,5,0,0,0,1.0
0,0.0,95,0,0.0,,6,0,0,0,
0,0.14873362,45,0,0.455097304,5600.0,10,0,2,0,0.0
0,0.177165462,56,1,0.225679843,10700.0,7,0,1,0,0.0
0,0.190958823,35,0,0.77310293,2661.0,6,0,2,0,0.0
0,0.287483185,57,0,0.229184865,21750.0,16,0,2,0,4.0
1,0.0,51,0,0.301184433,6500.0,8,0,1,0,2.0
0,0.056809275,40,0,0.527457314,6500.0,10,0,3,0,0.0
0,0.96761663,52,0,0.465866777,7250.0,16,0,1,0,1.0
0,0.386084012,49,0,0.166452387,11666.0,17,0,0,0,3.0
0,0.425681055,56,0,0.19246646,3875.0,7,0,0,0,1.0
0,0.013595724,35,0,0.555728761,1282.0,4,0,2,0,0.0
0,0.094039218,79,1,0.023882255,3600.0,5,0,0,0,0.0
0,0.114640315,37,0,1116.0,,4,0,1,0,0.0
0,0.008755361,52,0,0.08459436,15000.0,5,0,1,0,1.0
0,0.11568215,43,0,1.35029532,2200.0,13,0,4,0,2.0
0,0.121411227,61,0,486.0,,4,0,0,0,0.0
1,0.078434773,42,0,0.250249917,3000.0,6,0,0,0,0.0
0,0.005422868,74,0,0.182726909,2500.0,3,0,1,0,0.0
0,0.090909091,78,0,0.060939061,1000.0,3,0,0,0,0.0
0,0.012178706,81,0,0.16195951,4000.0,5,0,2,0,0.0
0,0.00029786,32,0,0.372587633,2538.0,4,0,1,0,2.0
0,0.244395327,51,0,0.520137104,3500.0,8,0,1,0,0.0
0,0.006646508,68,0,546.0,,8,0,0,0,0.0
0,0.040581041,71,0,0.61971831,4188.0,15,0,2,0,1.0
0,0.755390495,33,0,0.343142842,19300.0,8,0,2,0,0.0
0,0.244358031,55,0,0.034988337,3000.0,5,0,0,0,0.0
0,0.155097287,49,0,0.43847487,7500.0,13,0,1,0,0.0
0,0.0,85,1,0.160279907,3000.0,5,0,0,0,0.0
0,0.95802099,23,1,61.0,,2,0,0,0,
0,0.370263645,45,0,0.437112577,5000.0,6,0,1,0,3.0
0,0.00077622,53,0,0.266107422,8582.0,12,0,1,0,0.0
0,0.041337722,42,0,0.234887737,11000.0,13,0,2,0,2.0
0,0.0,82,0,0.0,,10,0,0,1,0.0
0,0.001470332,45,0,0.286428506,11000.0,9,0,2,0,2.0
0,0.082747045,58,0,1203.0,,4,0,2,0,0.0
0,0.132351157,41,0,0.993096882,4200.0,14,0,2,0,0.0
0,0.418346424,45,0,0.489114659,6200.0,7,0,2,0,2.0
0,0.040148996,73,0,507.0,,3,0,0,0,0.0
0,0.021201724,52,0,1269.0,,6,0,1,0,
0,0.018458411,65,0,0.006206041,2416.0,8,0,0,0,0.0
0,0.063088041,45,0,588.0,,3,0,1,0,0.0
0,0.06312237,40,0,45.0,,6,0,0,0,0.0
0,0.072690911,47,0,0.271189048,6500.0,11,0,2,0,0.0
0,0.058086638,68,0,0.356348168,9167.0,11,0,1,0,0.0
0,0.14341611,55,0,0.325334497,6875.0,13,0,1,0,1.0
0,0.096645922,61,0,245.0,,8,0,0,0,0.0
0,0.00146092,59,0,3.0,,6,0,0,0,0.0
0,0.014734187,47,0,0.057838843,16666.0,11,0,0,0,3.0
0,0.020056978,55,0,31.0,,4,0,0,0,0.0
0,0.140732408,41,2,4301.0,,7,0,1,0,3.0
0,0.604071987,42,0,0.388257879,6250.0,3,0,1,0,2.0
0,0.094545051,85,0,0.0074206,3368.0,4,0,0,0,0.0
0,0.117364303,63,0,0.431251047,5970.0,7,0,2,0,0.0
0,0.070941153,47,0,604.0,,3,0,1,0,0.0
0,0.005269398,61,0,287.0,,9,0,1,0,0.0
0,0.010359746,57,0,0.31770138,17975.0,22,0,6,0,1.0
0,0.817071101,60,0,0.454183267,12800.0,10,0,2,0,0.0
0,0.917167523,32,1,0.31187525,2500.0,3,0,0,1,0.0
0,0.481878038,43,0,0.634376178,5305.0,6,0,1,0,2.0
0,0.0,51,0,0.0,5000.0,2,0,0,0,0.0
0,0.184177054,47,0,0.170965807,5000.0,12,0,1,0,4.0
0,0.104579084,36,0,0.140585472,8300.0,6,0,0,0,2.0
0,0.935011256,38,0,0.391154367,8116.0,8,0,1,0,2.0
0,0.01564453,61,0,0.203265578,3000.0,7,0,0,0,0.0
0,0.00919977,58,0,0.294918078,3600.0,3,0,1,0,1.0
0,0.128303995,39,0,0.330572401,6760.0,10,0,1,0,3.0
0,0.008633936,37,0,0.002221729,4500.0,3,0,0,0,0.0
0,0.250008365,60,0,2.086478612,7550.0,26,0,0,0,0.0
0,0.063823404,67,0,81.0,,4,0,0,0,0.0
0,0.221444504,74,1,0.455265241,3788.0,12,0,1,0,0.0
0,0.678069207,51,0,0.371377236,12800.0,10,0,4,0,1.0
1,0.9999999,43,0,1727.0,,3,0,1,0,3.0
0,0.120014285,33,0,0.331643266,7691.0,12,0,2,0,3.0
0,0.666762507,37,0,4629.0,,7,0,2,0,0.0
0,0.03806426,39,0,0.08281953,6000.0,9,0,0,0,4.0
0,0.480303602,51,0,1.243752403,2600.0,14,0,1,0,1.0
0,0.007220849,32,0,1.029180328,3049.0,14,0,2,0,0.0
0,0.873563218,39,0,0.641274986,1850.0,8,0,0,0,2.0
1,0.943343273,52,0,0.264789408,25000.0,7,0,0,1,3.0
0,0.01548889,68,0,0.507796881,2500.0,9,0,1,0,0.0
0,0.0,45,0,0.657067435,4166.0,9,0,2,0,1.0
0,0.036310231,50,0,0.514692517,3300.0,6,0,1,0,0.0
0,0.9999999,65,1,0.52284264,2166.0,1,1,1,0,0.0
0,0.0,28,0,0.349503859,2720.0,7,0,1,0,2.0
0,0.152220931,58,0,0.28123866,8266.0,11,0,2,0,1.0
0,0.0,41,0,0.600086374,4630.0,4,1,1,0,4.0
0,0.57571302,65,1,1.177661719,10913.0,33,0,3,0,0.0
0,0.095738033,30,0,0.056882211,3726.0,3,0,0,0,0.0
0,0.968712804,51,0,4083.0,,11,0,1,0,1.0
0,0.316540647,45,1,0.334410091,6500.0,14,0,1,1,3.0
0,0.758387642,41,0,0.208492779,8100.0,7,0,0,0,2.0
0,0.049382255,55,0,0.095419484,10500.0,5,0,1,0,2.0
0,0.00161063,42,0,0.225101626,1967.0,8,0,0,0,1.0
0,0.26253976,43,0,0.340028084,23500.0,25,0,7,0,0.0
0,0.135053284,67,0,944.0,,3,0,0,0,0.0
1,0.380227806,41,0,0.570040486,3704.0,9,0,0,0,0.0
0,0.0,53,0,0.279678068,3975.0,8,0,1,0,0.0
0,0.10340959,69,0,0.16404406,5083.0,8,0,1,0,0.0
0,0.006767892,47,0,628.0,,12,0,1,0,0.0
0,0.9999999,39,0,0.223240317,2400.0,4,0,0,0,0.0
0,0.882564697,43,0,0.186905338,6200.0,5,0,0,0,1.0
1,0.592385486,55,0,0.497557213,11666.0,6,1,2,0,4.0
0,0.267398178,32,1,0.451107011,4335.0,13,0,1,0,2.0
0,0.126956584,30,0,0.221988427,1900.0,11,0,0,0,0.0
0,0.969218627,49,0,0.507557289,2050.0,5,0,0,0,1.0
0,0.885682575,41,3,0.097936863,4022.0,4,1,0,0,3.0
0,0.351024163,41,0,0.214959887,8475.0,22,0,2,0,0.0
0,0.001893112,60,0,1808.0,,7,0,1,0,0.0
0,0.036552414,53,0,0.162924282,5744.0,9,0,1,0,0.0
0,0.558865641,58,2,0.375937467,9466.0,17,0,1,1,1.0
0,0.01615029,88,0,35.0,,12,0,0,0,
0,0.0,51,1,0.085760811,5526.0,5,0,0,0,3.0
1,0.921647907,44,0,2075.0,,11,0,1,1,0.0
0,0.76080603,75,2,0.257507308,3762.0,11,0,0,0,0.0
0,0.124577438,65,0,0.222348533,23750.0,21,0,3,0,1.0
0,0.001184815,52,0,2607.0,,13,0,1,0,2.0
1,0.93521735,45,5,0.548653106,5456.0,16,0,2,0,2.0
1,0.760114231,31,0,0.210325801,7611.0,6,1,1,0,3.0
0,0.079229246,48,0,0.304534156,11666.0,15,0,1,0,2.0
0,0.0,57,0,5078.0,,9,0,2,0,2.0
0,0.048687221,56,0,0.371032981,6427.0,17,0,2,0,0.0
0,0.983989664,38,1,0.484503099,5000.0,8,0,1,1,2.0
0,0.002407054,72,0,2.0,,8,0,0,0,0.0
0,0.635817456,31,1,0.273372663,10000.0,5,0,2,0,4.0
0,0.077720981,77,0,0.020826335,2976.0,7,0,0,0,0.0
0,0.0,38,0,1987.0,,8,0,1,0,0.0
0,0.138398281,42,0,0.295841854,4400.0,4,0,1,0,0.0
0,0.208328882,54,0,0.02919708,10000.0,5,0,0,0,2.0
1,0.157338874,58,2,1626.0,,10,0,1,0,0.0
0,0.9999999,28,0,0.288351369,3141.0,4,0,0,0,2.0
0,0.05676632,39,0,3017.0,,2,0,1,0,0.0
0,0.506861116,75,0,0.501023597,9280.0,15,0,2,0,1.0
0,0.231721593,59,0,0.217351177,6500.0,7,0,1,0,1.0
0,0.935325821,33,1,0.02096593,2670.0,2,1,0,0,0.0
0,0.021627061,41,0,916.5,1.0,10,0,2,0,3.0
1,0.620505992,63,0,606.0,,5,0,0,0,0.0
0,0.005455228,81,0,0.479004666,4500.0,17,0,2,0,0.0
0,0.11647722,44,0,948.5,1.0,15,0,1,0,2.0
0,0.0,57,1,885.0,,9,0,1,0,0.0
0,0.125490102,36,1,0.323488694,6500.0,16,0,2,0,2.0
0,0.001999926,44,0,625.0,,4,0,0,0,3.0
0,0.0,67,0,1843.0,,4,0,1,0,0.0
0,0.255358369,64,0,0.119990401,12500.0,8,0,1,0,1.0
0,0.0,22,0,0.0,2500.0,1,0,0,0,0.0
1,0.531763947,24,0,94.0,,4,1,0,4,0.0
0,0.033256787,42,0,2829.0,,18,0,1,0,0.0
0,0.9999999,62,0,0.0,,3,0,0,0,0.0
0,0.00625538,59,0,0.660318972,4200.0,5,0,1,0,0.0
0,1.0014282,55,0,0.699175583,5700.0,12,0,2,0,0.0
0,1.033897239,42,0,0.798346148,6892.0,12,0,6,0,3.0
0,0.006612025,71,0,0.161320882,7388.0,12,0,1,0,1.0
0,0.029581981,69,0,0.030646236,1500.0,6,0,0,0,0.0
0,4556.0,42,0,0.111285389,12750.0,5,0,1,0,0.0
0,0.739500356,41,3,0.53334763,9325.0,8,0,2,0,0.0
0,0.085417151,56,0,0.324668242,5500.0,8,0,2,0,0.0
0,0.571342552,47,0,0.31824545,15000.0,16,0,2,0,2.0
0,0.03528277,43,0,0.311943283,5500.0,22,0,1,0,1.0
0,0.01839978,73,0,0.150669128,4333.0,11,0,1,0,1.0
0,0.9999999,46,1,4018.0,0.0,4,0,1,0,3.0
0,0.110522438,39,0,0.014692025,52000.0,4,0,0,1,0.0
0,0.069870578,63,0,0.165798792,4800.0,16,0,1,0,0.0
0,0.0,37,0,0.363007114,5200.0,6,0,1,0,3.0
0,0.763215786,44,0,0.004573272,75000.0,1,0,0,0,4.0
0,0.20775169,44,0,0.365490115,9660.0,6,0,2,0,2.0
0,0.9999999,66,0,0.199606158,5585.0,3,0,1,0,1.0
0,0.9999999,83,0,0.23431427,1800.0,2,0,0,0,0.0
0,0.158728845,40,0,0.313364674,7444.0,15,0,1,0,0.0
1,0.756243756,66,1,0.414383562,2627.0,7,0,1,1,2.0
0,0.006106684,57,0,6.0,,4,0,0,0,2.0
0,0.487837796,41,0,0.249076288,4600.0,5,0,1,0,2.0
0,0.857232766,36,2,5195.0,,16,0,2,1,0.0
0,0.249681635,35,0,0.34204235,5855.0,9,0,1,0,0.0
0,0.439611456,57,0,2164.0,,22,0,2,0,0.0
0,0.160694644,44,0,0.027686983,5200.0,4,0,0,0,1.0
0,0.9999999,48,0,0.596158906,3800.0,2,0,1,0,0.0
0,0.011939289,64,0,43.0,,8,0,0,0,0.0
0,0.156569815,65,0,0.260744986,5234.0,6,0,1,0,0.0
0,0.024733547,68,0,1908.0,,12,0,1,0,0.0
1,0.928126769,47,1,0.078368653,2500.0,3,0,0,1,0.0
0,0.1356023,40,0,0.280951882,9538.0,10,0,1,0,1.0
1,0.468446487,52,0,0.516177416,4666.0,13,0,1,0,0.0
0,0.017719291,89,0,13.0,,5,0,0,0,0.0
0,0.871395902,42,0,0.586337383,5020.0,16,0,2,0,5.0
0,0.409393212,77,0,0.793715568,4900.0,13,0,1,0,0.0
0,0.44350807,48,0,2.016648169,900.0,7,0,1,0,0.0
0,0.013828729,62,0,539.0,,9,0,1,0,0.0
0,0.108195877,60,0,0.042139712,24750.0,12,0,1,0,0.0
0,0.032069138,56,1,0.00430703,6500.0,8,0,0,0,0.0
0,0.966344552,61,1,0.344951307,1950.0,3,0,0,0,0.0
0,0.272072793,35,0,0.240332013,5300.0,8,0,1,0,0.0
0,0.861428439,53,0,0.836925128,4500.0,12,0,2,0,0.0
0,0.086422803,79,0,0.047516199,4166.0,5,0,0,0,0.0
0,0.758931212,42,0,0.410488587,5300.0,9,0,0,0,3.0
0,0.066074225,46,0,2765.0,,6,0,2,0,0.0
0,0.233595801,40,2,0.033661056,6000.0,4,0,0,0,2.0
0,0.010416377,62,0,0.280068565,10500.0,17,0,1,0,0.0
0,0.016602648,74,0,0.00428449,3500.0,2,0,0,0,0.0
0,0.001817922,72,0,1544.0,,8,0,1,0,0.0
0,0.0,56,0,0.245630175,25000.0,8,0,2,0,0.0
0,0.458783862,56,2,0.342682588,3600.0,5,0,1,0,0.0
0,0.9999999,66,0,0.02561624,2068.0,0,0,0,0,0.0
0,0.178620491,64,0,0.041489628,4000.0,10,0,0,0,2.0
0,0.67291235,32,0,0.298593581,2772.0,6,0,0,0,1.0
0,0.249918752,52,0,0.297154591,6817.0,6,0,1,0,2.0
0,0.040501571,79,0,0.293341332,5000.0,10,0,1,0,0.0
0,0.145284003,54,0,0.35697785,7358.0,14,0,2,0,3.0
0,0.004988118,61,0,2579.0,,8,0,3,0,0.0
0,0.435625365,73,0,0.373325335,5000.0,12,0,1,0,0.0
0,0.440377466,37,0,0.055177929,2500.0,2,0,0,0,2.0
0,0.0,24,0,0.0,1.0,1,0,0,0,0.0
0,0.225266876,59,0,0.440911818,1666.0,5,0,1,0,0.0
0,0.046887152,76,0,0.003523474,10500.0,8,0,0,0,0.0
0,0.009524677,66,0,0.147067647,13333.0,10,0,1,0,0.0
0,0.0,22,0,0.0,,1,0,0,0,0.0
0,0.797308663,37,0,0.72395417,3752.0,9,0,1,0,4.0
0,0.807268156,50,0,0.482764335,6033.0,8,1,1,0,2.0
0,0.052792395,56,0,995.0,,6,0,1,0,2.0
0,0.283711855,33,0,0.119868251,8500.0,11,0,0,0,0.0
0,0.082687051,51,0,1495.0,0.0,9,0,2,0,3.0
0,0.98860228,28,2,0.149609162,5500.0,7,0,0,0,0.0
0,0.0,75,0,43.0,,2,0,0,0,
0,0.9999999,44,0,0.555582004,4200.0,6,0,2,0,0.0
0,0.017684817,94,0,327.0,,6,0,0,0,0.0
0,0.0,39,0,0.224710116,2500.0,9,0,0,0,2.0
0,0.141971606,64,0,0.085728568,4000.0,2,0,0,0,0.0
1,0.9999999,42,0,1.766860949,1200.0,2,0,1,0,2.0
1,0.690052859,64,0,1.155267579,4166.0,13,0,4,0,0.0
0,0.014443642,34,0,867.0,,3,0,1,0,0.0
0,0.850541236,52,0,0.52278408,5200.0,10,0,3,0,1.0
0,0.0,52,1,0.048484848,7094.0,3,0,0,0,0.0
0,0.025426193,64,0,0.138990696,7093.0,8,0,1,0,1.0
0,0.008199504,65,0,0.176778773,11833.0,11,0,2,0,0.0
0,0.9999999,51,0,0.0,6928.0,0,0,0,0,1.0
0,0.108730917,42,0,0.816439621,4330.0,14,0,1,0,2.0
0,0.037237111,80,0,0.01049825,6000.0,8,0,0,0,0.0
0,0.004849758,60,0,0.450366422,1500.0,8,0,0,0,0.0
0,0.33722056,38,0,0.224454287,6321.0,7,0,0,0,3.0
0,0.216141416,39,0,0.257909875,7300.0,9,0,2,0,0.0
1,0.9999999,48,1,0.26296065,1600.0,1,0,0,0,0.0
0,0.027997565,49,0,2472.0,,11,0,2,0,0.0
0,0.024273558,31,0,0.083311328,7573.0,5,0,0,0,0.0
0,0.267415788,62,0,0.46546792,4893.0,15,0,1,0,0.0
0,0.004826613,61,0,1940.0,0.0,10,0,1,0,0.0
0,0.22960494,43,0,0.124459691,14574.0,4,0,1,0,1.0
0,0.112783538,42,0,0.384303435,4191.0,9,0,2,0,0.0
0,0.016583994,59,0,0.270020626,11150.0,9,0,2,0,1.0
0,0.610778443,78,1,0.005291005,1700.0,3,0,0,1,0.0
0,0.062061844,59,0,0.249158249,4157.0,7,0,1,0,0.0
0,0.205655719,36,0,2082.0,,13,0,2,0,0.0
0,0.02788255,66,0,0.330518147,4380.0,11,0,2,0,0.0
0,0.399370607,71,0,0.302195236,2140.0,3,0,0,0,0.0
0,0.275662291,35,0,0.535466416,8500.0,12,0,4,0,0.0
0,0.007443617,40,0,0.131336406,3905.0,3,0,0,0,3.0
0,0.04250385,58,0,0.019791149,10054.0,15,0,0,0,0.0
0,0.028092872,67,0,0.233203359,6667.0,3,0,1,0,0.0
0,0.909859569,51,1,1.045393137,3700.0,9,0,2,0,1.0
0,0.028491873,74,0,0.069114471,8333.0,13,0,1,0,0.0
0,0.003928291,77,0,1.0,,4,0,0,0,
0,0.0,62,0,0.459907834,4339.0,6,0,2,0,0.0
1,1.001451496,53,6,0.604779096,5816.0,9,0,1,1,0.0
0,0.621053692,58,0,1.693329167,6400.0,44,0,4,0,0.0
0,0.011378918,68,0,0.360481976,20000.0,6,0,1,0,0.0
0,0.402867038,43,5,0.494407159,14750.0,36,1,2,0,0.0
0,0.043848455,55,0,62.0,,3,0,0,0,1.0
0,0.003444005,36,0,0.091980636,4750.0,12,0,0,0,0.0
0,0.129492827,53,0,1522.0,0.0,6,0,1,0,0.0
0,0.575346379,45,1,0.013220753,9000.0,3,1,0,0,3.0
1,0.9999999,66,0,0.193286166,6642.0,3,0,1,0,0.0
1,0.460285361,58,2,409.0,,7,0,0,2,0.0
0,0.156339456,53,0,0.213527009,11014.0,10,0,1,0,2.0
0,0.9999999,36,0,0.734235384,3916.0,5,0,1,0,0.0
0,0.149154403,42,0,0.432813437,3333.0,7,0,2,0,2.0
0,0.550422479,44,0,2346.0,,5,0,1,0,
0,0.9999999,23,0,0.0,820.0,1,0,0,0,0.0
0,0.147221319,60,0,0.183954011,4000.0,8,0,0,0,0.0
0,0.0299975,70,0,0.119215106,2700.0,11,0,0,0,0.0
0,0.713022075,46,0,0.548769961,9267.0,13,0,1,0,1.0
0,0.24190036,49,0,0.421921578,4360.0,10,0,1,0,2.0
0,0.557352957,66,0,0.296044066,9984.0,10,0,1,0,1.0
0,0.035034477,67,0,0.48557555,3500.0,13,0,2,0,0.0
0,0.045828437,42,0,0.194169703,1920.0,3,0,1,0,0.0
0,0.529879125,67,0,0.345236491,14841.0,21,0,4,0,1.0
0,0.020434099,80,0,17.0,,3,0,0,0,0.0
0,0.06659788,53,0,0.450531139,4800.0,9,0,1,0,0.0
0,0.003999902,72,0,0.176952381,10499.0,10,0,1,0,0.0
0,0.123471362,63,0,0.364188164,2635.0,6,0,1,0,1.0
0,0.065362448,46,0,0.267690136,17000.0,6,0,2,0,3.0
0,0.724754571,53,0,0.22875817,2600.0,8,0,0,0,3.0
0,0.727893475,60,0,9185.0,,13,0,2,0,1.0
0,0.517616833,65,0,0.674915938,7434.0,10,0,1,0,0.0
1,0.907946591,63,2,0.431092437,3569.0,9,0,0,0,0.0
0,0.139889079,48,1,0.229094428,12400.0,15,0,2,0,0.0
0,0.794898334,41,0,0.480796586,5623.0,7,0,1,1,1.0
0,0.044740301,69,0,3756.0,,11,0,3,0,0.0
0,0.921215757,38,0,0.08886027,1552.0,1,0,0,0,0.0
0,0.316984151,57,0,1379.0,,4,0,1,0,0.0
0,0.659178931,39,0,0.285324697,5866.0,6,0,1,0,1.0
0,0.0,63,0,0.120325805,2700.0,10,0,0,0,1.0
0,0.00906779,52,0,0.151667867,8333.0,16,0,1,0,0.0
0,0.0,43,0,498.0,,4,0,0,0,2.0
0,0.732660667,44,2,0.14041952,9200.0,15,0,1,0,0.0
0,0.197036498,48,1,0.025570417,5083.0,9,0,0,0,2.0
0,0.193583737,29,0,0.055712694,11666.0,6,0,0,0,0.0
0,0.015724092,70,0,34.0,0.0,10,0,0,0,0.0
0,0.881664756,35,0,0.291712953,4500.0,5,0,0,0,1.0
0,0.129960352,38,0,0.268924526,8916.0,4,0,1,0,2.0
0,0.104900317,43,0,2517.0,,6,0,2,0,0.0
0,0.142623607,37,0,0.901290812,2633.0,10,0,3,0,2.0
0,0.08298868,49,0,0.323675693,12666.0,8,0,2,0,0.0
0,0.053533792,71,0,0.020035357,1696.0,9,0,0,0,0.0
0,0.074101601,62,0,0.251703713,15700.0,15,0,2,0,1.0
0,0.327622111,42,0,0.413528824,3000.0,11,0,2,0,0.0
0,0.482099295,43,0,0.361814082,3990.0,13,0,0,0,1.0
0,0.015406009,45,0,0.456555415,7100.0,7,0,3,0,1.0
0,0.236657966,67,0,0.421223355,2157.0,8,0,0,0,0.0
0,0.009959801,82,0,28.0,,8,0,0,0,0.0
0,0.964504437,74,0,0.399906455,2137.0,7,0,0,0,0.0
0,0.04261284,27,0,964.0,,5,0,0,0,0.0
0,0.949673581,31,2,0.491813523,8000.0,15,0,1,0,0.0
0,0.479355027,55,0,0.75153225,10278.0,9,0,4,0,0.0
0,0.419515124,50,0,0.637045369,8000.0,11,0,2,0,0.0
0,0.02242868,69,0,0.25655616,8083.0,18,0,2,0,1.0
0,0.041960066,75,0,283.0,,5,0,0,0,0.0
0,0.0,90,0,0.258841548,7181.0,8,0,1,0,0.0
0,0.9999999,62,0,0.677553741,6000.0,9,0,1,0,4.0
1,1.330677291,40,1,0.106943336,7517.0,2,3,0,0,3.0
0,0.196090822,58,1,0.184372256,3416.0,10,0,0,0,1.0
0,0.379378048,49,0,0.454623369,10500.0,17,0,1,0,0.0
0,0.008661524,75,0,16.0,,5,0,0,0,0.0
0,0.9999999,40,0,0.017138776,4200.0,2,2,0,0,2.0
0,0.30597694,63,1,0.431521821,13266.0,17,0,4,0,3.0
0,0.429501639,48,0,0.132482568,7600.0,4,0,0,1,1.0
0,0.232150191,46,0,2.753108348,1125.0,16,0,2,0,3.0
0,0.0,35,0,4810.0,,5,0,2,0,0.0
0,0.9999999,25,0,0.153580673,2317.0,2,0,0,0,0.0
0,0.198614571,76,0,0.396825397,8000.0,7,0,3,0,0.0
0,0.093107398,81,0,0.46598056,1748.0,8,0,1,0,0.0
0,0.0,79,0,29.0,,2,0,0,0,
0,0.305305599,77,1,0.073185363,5000.0,7,0,0,0,1.0
1,0.9999999,47,0,3424.0,,5,0,2,0,0.0
0,0.366907137,89,0,0.462257537,4278.0,20,0,2,0,0.0
0,0.9260493,32,0,0.197871311,2066.0,5,0,0,0,1.0
0,0.0,47,0,0.067819508,3700.0,3,0,0,0,3.0
0,0.9999999,53,1,0.659736106,2500.0,4,0,2,2,2.0
0,0.527081494,44,0,0.243491057,8833.0,10,0,1,0,0.0
0,0.010523213,77,0,608.0,,8,0,1,0,
0,0.138034479,47,0,0.285099516,7435.0,5,0,2,0,2.0
0,0.312610708,54,0,0.239914489,14500.0,10,0,2,0,0.0
0,0.020956737,53,0,2433.0,,14,0,1,0,0.0
0,0.389780511,58,0,0.289847867,10056.0,12,0,2,0,0.0
0,0.025862288,62,0,0.005086827,5700.0,6,0,0,0,1.0
0,0.014528434,64,0,0.005089059,2750.0,3,0,0,0,0.0
0,0.0,43,0,0.516204791,2128.0,13,0,1,0,1.0
0,0.073387449,71,0,0.178843227,7883.0,11,0,1,0,0.0
1,0.810911211,48,0,0.804020629,9500.0,9,0,2,0,2.0
0,0.105170284,36,0,0.339470796,8200.0,9,0,3,0,0.0
0,0.047078536,33,0,0.390243902,6600.0,5,0,1,0,0.0
0,0.296181108,50,2,0.186319765,4765.0,9,1,0,0,0.0
0,0.025517721,51,0,0.282202094,8500.0,11,0,2,0,3.0
0,0.164278574,41,0,0.226591136,3000.0,6,0,0,0,0.0
0,0.813941921,63,0,0.422806291,4831.0,9,0,2,0,0.0
0,0.9999999,23,0,0.105067985,2426.0,2,0,0,0,0.0
0,0.44945476,54,0,0.198903681,11492.0,10,0,2,0,1.0
0,0.087787617,53,0,0.161337361,9600.0,5,0,1,0,0.0
0,0.335127004,61,0,1381.0,,20,0,1,0,0.0
0,0.232562744,26,0,140.0,0.0,3,0,0,0,0.0
0,0.148802591,64,0,1.144199611,3085.0,10,0,1,0,0.0
0,0.106884272,35,0,0.653306102,3916.0,7,0,2,0,2.0
0,0.012797441,25,0,0.162837163,1000.0,4,0,0,0,0.0
0,0.579792146,59,0,0.331205292,13000.0,7,0,2,0,1.0
0,0.524820062,61,0,0.49610078,5000.0,15,0,1,0,1.0
0,0.387173019,62,1,0.39699115,11299.0,12,0,2,0,0.0
0,0.108076312,49,0,0.162889896,3750.0,8,0,0,0,0.0
0,0.025730016,48,0,1566.0,,10,0,1,0,0.0
0,0.9999999,60,0,0.335334826,9825.0,6,0,2,0,0.0
0,0.108024107,41,0,0.315336933,5000.0,5,0,1,0,3.0
0,0.115296279,34,0,0.252174783,10000.0,8,0,1,0,2.0
0,0.068874102,52,0,0.325779037,6000.0,12,0,1,0,1.0
0,0.875140607,66,0,0.385674931,1088.0,3,0,0,0,0.0
0,0.05714957,51,0,0.332550336,5959.0,9,0,1,0,2.0
0,0.252080821,52,0,0.654473554,2022.0,7,0,1,0,2.0
0,0.568106312,48,0,0.272070485,5674.0,5,0,2,0,0.0
0,0.226989934,60,0,0.044728103,9635.0,6,0,0,0,0.0
0,0.418545432,56,0,0.479408237,2500.0,11,0,1,0,0.0
0,0.540773077,39,0,0.093609055,11750.0,7,0,0,0,2.0
0,0.564246431,61,0,0.646335213,1950.0,5,0,1,0,0.0
0,0.735028188,36,0,0.686910995,2864.0,12,0,1,0,2.0
0,0.258235085,71,0,0.868867705,4300.0,20,0,2,0,0.0
0,0.029226242,65,0,0.268698504,12500.0,18,0,4,0,1.0
0,0.151168463,60,0,0.20214432,8300.0,8,0,1,0,0.0
0,0.0,87,0,0.0,2545.0,6,0,0,0,0.0
0,0.000782586,67,0,0.16407465,6429.0,4,0,1,0,0.0
0,0.080854833,54,0,0.016837041,4988.0,5,0,0,0,2.0
0,0.106204556,50,0,0.346387801,12000.0,12,0,4,0,0.0
0,0.14849297,79,0,0.074292571,10000.0,15,2,0,1,0.0
0,0.141909432,27,0,0.019592163,2500.0,5,0,0,0,0.0
0,0.468424622,78,0,0.730619927,8500.0,14,0,2,0,0.0
0,0.639987259,68,1,0.457617573,10652.0,7,0,1,0,0.0
0,0.326995262,77,0,1.143673236,3500.0,11,0,2,0,0.0
1,0.023746702,46,3,7.372483669,7500.0,7,1,2,1,0.0
0,0.119348888,38,0,0.838397523,5166.0,10,0,1,0,1.0
1,0.086791565,63,0,1910.0,,9,0,2,0,0.0
0,0.17764445,58,0,0.217472816,8000.0,8,0,2,0,0.0
0,0.019856699,65,0,0.574960547,1900.0,10,0,1,0,0.0
0,0.042751109,39,0,0.371728253,10391.0,25,0,3,0,3.0
0,0.084695888,70,0,0.380607815,7600.0,16,0,2,0,1.0
0,0.9999999,52,0,6408.0,,5,0,1,0,0.0
0,0.0,81,0,7.673652695,333.0,6,0,1,0,0.0
0,0.0,54,0,2831.0,,7,0,2,0,0.0
1,0.9999999,50,0,0.513381995,8219.0,5,0,2,0,3.0
0,0.209801634,46,0,0.025235405,5309.0,3,0,0,0,3.0
0,0.021699048,70,0,0.018664889,10500.0,19,0,0,0,0.0
0,0.016585741,38,0,2.171710063,1420.0,10,0,1,0,3.0
0,0.122639625,38,0,0.283603296,3518.0,8,0,1,0,2.0
0,0.444331221,61,0,0.125553914,3384.0,7,0,0,0,0.0
0,0.054039958,37,0,0.46960281,3700.0,8,0,1,0,0.0
0,0.126809856,38,0,0.270621563,6000.0,10,0,2,0,0.0
0,0.494789005,43,0,1.902575588,7143.0,12,0,7,0,2.0
0,0.992010652,48,0,0.098180364,5000.0,3,0,0,0,3.0
0,0.055747368,38,0,0.287494232,6500.0,16,0,1,0,1.0
0,0.0,59,0,4103.0,,6,0,1,0,0.0
1,0.554100702,30,0,0.37704918,2500.0,9,0,0,0,0.0
0,0.526436298,32,0,0.461886496,10166.0,13,0,2,0,3.0
0,0.103866198,46,0,1586.0,,5,0,1,0,0.0
0,0.127774953,48,0,22.0,,1,0,0,0,
0,0.405941764,62,0,0.693079549,9666.0,21,0,2,0,2.0
0,0.123108823,58,0,0.032549729,9400.0,13,0,0,0,1.0
0,0.010757602,80,0,8.0,1.0,14,0,0,0,0.0
0,0.099701621,31,0,0.160842754,3891.0,4,0,0,0,0.0
0,0.203112501,49,0,82.0,,3,0,0,0,2.0
0,0.013416108,70,0,0.252071231,10500.0,12,0,1,0,0.0
0,0.380846573,30,0,0.330505907,3300.0,7,0,0,0,0.0
0,0.108460836,84,0,0.28682515,4500.0,5,0,1,0,0.0
0,0.000799968,45,0,0.304299522,9000.0,9,0,2,0,1.0
0,0.890712311,43,0,0.160382775,5224.0,3,0,0,0,0.0
0,0.0,50,0,0.814123917,1500.0,5,0,1,0,0.0
0,0.042327607,73,0,0.173093402,3500.0,9,0,1,0,0.0
0,0.08457417,53,0,0.346745442,9816.0,15,0,1,0,0.0
0,0.128340402,41,0,4298.0,,10,0,3,0,0.0
0,0.027767836,71,0,0.072801923,9985.0,7,0,0,0,1.0
0,0.004933169,75,0,0.00099975,4000.0,2,0,0,0,0.0
0,0.016145861,73,0,0.087761526,5400.0,34,0,0,0,0.0
0,0.180584431,48,1,0.876353941,6000.0,25,0,3,0,0.0
0,0.065163046,34,0,0.170460855,1800.0,5,0,0,0,0.0
0,0.0,84,0,0.0,2382.0,1,0,0,0,0.0
0,0.229569584,60,1,0.326499906,10633.0,15,0,2,0,0.0
0,0.143863524,69,0,0.687339607,2337.0,10,0,1,0,0.0
0,0.029431333,70,0,0.578070322,6000.0,12,0,3,0,0.0
0,0.346697376,58,4,0.371209597,3000.0,15,0,0,0,1.0
0,0.012302205,79,0,352.0,,3,0,1,0,0.0
0,0.313278666,43,2,0.216302696,12500.0,12,0,1,0,0.0
0,0.102485801,54,0,0.352250489,4598.0,14,0,2,0,0.0
1,0.980203959,60,6,2128.0,,11,1,1,0,0.0
0,0.338127016,38,0,0.313890509,12000.0,14,0,2,0,3.0
0,0.790695704,46,0,3148.0,,13,0,2,0,2.0
0,0.13562146,31,0,1495.0,,4,0,1,0,0.0
1,0.238778231,33,0,0.054103904,3252.0,4,0,0,0,3.0
0,0.098447347,74,0,197.0,,5,0,0,0,0.0
0,0.030106068,68,0,26.0,,1,0,0,0,0.0
0,0.17879106,59,0,107.0,,1,0,0,0,0.0
0,0.246594198,45,0,0.245255651,8272.0,8,0,2,0,1.0
0,0.258208873,59,0,0.464614575,3800.0,12,0,2,0,2.0
0,0.0,25,1,0.05891636,1900.0,2,0,0,0,0.0
0,0.089826906,62,0,0.444134078,5011.0,18,0,1,0,1.0
0,0.597395966,46,0,0.19321667,5542.0,8,0,0,0,3.0
0,0.674878258,76,0,9.460245343,2200.0,11,0,0,0,0.0
0,0.000222215,74,0,0.169517008,5320.0,6,0,1,0,0.0
1,1.02055968,55,1,0.339822158,4160.0,5,0,1,1,0.0
0,0.9999999,55,0,0.040697674,2235.0,3,0,0,0,0.0
0,0.622568872,41,0,0.649191299,1792.0,4,0,1,0,1.0
1,0.021626946,62,0,0.323211973,6948.0,12,1,2,0,1.0
0,0.027532657,42,0,0.002939941,16666.0,3,0,0,0,2.0
0,0.038090043,60,0,0.109412941,7000.0,5,0,1,0,0.0
0,0.170858446,50,0,0.385956861,2178.0,11,0,0,0,0.0
0,0.017090132,41,0,22.0,,5,0,0,0,0.0
0,0.943024917,46,2,0.311445148,7583.0,8,1,1,0,0.0
1,0.9999999,46,0,515.0,,1,1,1,0,0.0
0,0.031353675,46,0,0.352594464,9500.0,13,0,3,0,2.0
1,0.683239059,47,5,0.716453047,7645.0,13,0,2,4,2.0
0,0.465521089,47,0,4085.0,,8,0,1,0,0.0
0,0.113588641,47,0,0.195467422,6000.0,5,0,2,0,0.0
0,0.230746533,41,0,0.219075589,14300.0,11,0,1,0,1.0
0,0.027389439,55,0,0.2176,10624.0,8,0,1,0,1.0
0,0.119040018,42,0,0.43375481,5456.0,12,0,2,0,0.0
0,0.0,30,0,0.864610111,4667.0,7,0,2,0,0.0
0,0.966452206,35,0,0.437691002,2944.0,5,0,0,0,3.0
0,0.34165092,49,0,0.32009824,17100.0,16,0,2,0,2.0
0,0.433390166,51,0,0.428720809,5737.0,23,0,1,0,0.0
0,0.057326385,78,1,888.0,,13,0,1,0,0.0
0,0.001714146,32,0,399.0,,6,0,0,0,0.0
0,0.504885435,51,1,0.247220917,6386.0,8,1,1,2,4.0
0,0.020360219,67,0,0.636648206,4152.0,6,0,1,0,0.0
0,0.9999999,26,0,0.168426104,2083.0,3,0,0,0,0.0
0,0.0,29,0,0.416233507,2500.0,8,0,1,0,0.0
0,0.355766106,65,0,0.253516432,15000.0,10,0,1,0,1.0
0,0.047319014,67,0,0.006517553,6750.0,9,0,0,0,1.0
0,0.132633835,62,0,0.296854231,6770.0,8,0,1,0,0.0
0,0.00511959,53,0,820.0,,2,0,1,0,0.0
0,0.042472893,49,0,0.379745884,13300.0,15,0,2,0,1.0
0,0.023056536,64,0,0.1659857,3915.0,6,0,1,0,0.0
0,0.278772123,44,0,2873.0,0.0,8,0,1,0,2.0
0,0.41283403,52,1,0.086436281,11950.0,8,1,1,1,1.0
0,0.0,73,0,0.0,,2,0,0,0,0.0
0,0.280937648,56,1,0.429009977,18241.0,39,0,4,0,2.0
0,0.0,73,0,0.0,,6,0,0,0,0.0
0,0.05495413,69,0,0.011998857,10500.0,11,0,0,0,0.0
1,2.658585354,36,0,0.262861904,4800.0,5,0,0,0,2.0
0,0.164778868,81,0,0.36120745,7784.0,12,0,1,0,0.0
0,0.175948775,63,0,0.225195633,10350.0,10,0,0,0,1.0
0,0.488921504,43,0,0.859576079,2641.0,10,0,1,0,1.0
0,0.867621996,36,0,0.375304136,4931.0,12,0,0,0,2.0
0,0.972168986,26,1,0.290033595,1785.0,4,0,0,0,0.0
0,0.088718226,74,0,0.031016527,4416.0,7,0,0,0,0.0
0,1.08985025,27,1,0.314121037,1040.0,5,1,0,0,1.0
0,0.018547333,84,0,31.0,,8,0,0,0,0.0
0,0.003999867,55,0,0.001953125,1535.0,3,0,0,0,0.0
0,0.011421621,31,0,0.37653118,7183.0,22,0,2,0,2.0
0,0.025185627,57,0,20.0,,4,0,0,0,0.0
1,1.022995401,30,0,0.612690504,6823.0,14,7,2,1,0.0
0,0.192398656,39,1,0.030324242,40000.0,11,0,0,0,0.0
0,0.390804598,71,0,0.090489381,1082.0,9,0,0,0,0.0
0,0.351539767,37,0,0.227795367,6000.0,9,0,0,0,0.0
0,0.052350095,63,0,0.022036609,5626.0,6,0,0,0,1.0
0,0.158117342,56,0,1.235050196,4581.0,22,0,2,0,2.0
0,0.9999999,66,0,0.182583647,4512.0,2,0,1,0,0.0
0,0.019642175,52,0,0.480835664,6078.0,18,0,1,0,1.0
0,0.0,26,0,0.0,,5,0,0,0,0.0
0,0.007230668,66,0,0.139817629,6250.0,9,0,1,0,0.0
1,0.080657705,64,0,0.394800743,7000.0,5,0,2,0,0.0
0,0.016106855,78,0,0.319103267,4192.0,7,0,1,0,0.0
0,0.415179496,47,1,0.484533102,6917.0,12,0,2,0,0.0
0,0.004499906,40,0,0.463197205,8300.0,7,0,2,0,3.0
0,0.748757559,48,0,0.192510453,5500.0,2,0,0,0,0.0
0,0.0,70,0,1039.0,,7,0,1,0,0.0
0,0.206836414,46,3,0.3498015,6800.0,13,0,3,0,2.0
0,0.0030062,32,0,950.0,,8,0,0,0,0.0
0,0.522206073,74,0,0.293437106,9507.0,9,0,1,0,0.0
0,0.13608105,35,0,0.450669685,5300.0,7,0,2,0,0.0
0,0.014244607,84,0,0.2197982,11000.0,7,0,1,0,0.0
0,0.056838932,63,0,0.515023112,2595.0,4,0,1,0,0.0
0,0.029723571,81,0,0.033919826,5512.0,11,0,1,0,0.0
0,0.222947866,36,0,0.36027814,2300.0,9,0,0,0,1.0
0,0.897153598,44,4,4.025527192,900.0,14,1,1,0,2.0
0,0.162514673,39,1,0.382714306,7080.0,6,0,2,0,2.0
0,0.0,49,0,0.0,3083.0,1,0,0,0,0.0
0,0.011110685,63,0,11.0,,4,0,0,0,3.0
0,0.214274377,27,0,0.205223881,1875.0,10,0,0,0,1.0
0,0.035030732,58,0,11374.0,,9,0,4,0,0.0
1,0.955780416,50,1,0.193214729,7250.0,16,0,0,0,0.0
0,0.074241044,39,1,0.105614358,4345.0,8,0,0,0,2.0
0,0.082875846,41,0,0.383936011,6000.0,14,0,2,0,3.0
0,0.130546923,55,1,0.212275035,6500.0,6,0,1,0,2.0
0,0.152894904,71,0,0.534133105,3500.0,8,0,2,0,0.0
0,0.012302657,68,0,0.020947393,4200.0,6,0,0,0,1.0
1,0.555067768,43,0,1.602958816,2500.0,12,0,2,1,0.0
0,0.01223068,88,1,0.300155521,1285.0,7,0,0,0,0.0
0,0.0,37,0,0.381263617,6425.0,11,0,2,0,3.0
0,0.079820501,70,0,0.026141241,2562.0,5,0,0,0,0.0
0,0.009999882,57,0,0.224987501,18000.0,11,0,1,0,1.0
0,0.65014209,30,0,0.204698825,4000.0,3,0,0,0,0.0
0,0.0,39,0,2.0,1.0,8,0,0,1,0.0
0,0.945669098,68,0,1.451612903,2510.0,8,0,2,0,0.0
0,0.750335811,47,0,0.816186833,4966.0,10,0,3,0,1.0
0,0.067630909,62,0,0.360378298,2008.0,11,0,1,0,0.0
0,0.913529154,66,1,0.550632022,14239.0,16,0,2,0,0.0
1,1.478405316,53,1,106.0,,2,2,0,0,0.0
0,0.9999999,68,0,0.0,,1,0,0,0,0.0
0,0.068361861,70,1,0.340104745,6300.0,7,0,1,0,0.0
0,0.616027899,52,0,0.454594771,9216.0,6,0,2,0,0.0
0,0.033912429,70,0,0.054954205,1200.0,9,0,0,0,1.0
0,0.507972665,69,2,0.193935355,3000.0,10,2,0,2,0.0
0,1.1649388,31,0,976.0,,6,0,0,0,0.0
0,0.9999999,47,1,0.121614252,5500.0,2,2,0,1,1.0
0,0.151442505,44,1,788.0,,18,0,0,0,0.0
0,0.04569543,65,0,13.0,,2,0,0,0,0.0
0,0.027303556,54,0,0.021993263,10093.0,8,0,1,0,0.0
0,0.019396475,45,0,0.165757906,1833.0,6,0,0,0,0.0
0,0.951901603,56,1,0.727045492,6000.0,9,0,2,0,1.0
0,0.003503722,41,0,0.752099832,4166.0,10,0,2,0,2.0
0,0.04598133,45,0,0.180606465,3000.0,13,0,0,1,0.0
0,0.9999999,33,0,0.215577191,2875.0,4,0,0,0,0.0
1,0.302100888,46,0,0.042679633,1850.0,6,0,0,0,0.0
0,0.101405761,56,0,941.0,,20,0,0,0,0.0
0,0.683355738,46,0,0.358234538,7000.0,11,0,1,0,2.0
0,0.55536162,41,0,0.347946765,14050.0,8,0,3,0,0.0
0,0.004842042,59,0,2549.0,,11,0,2,0,0.0
0,0.0,34,1,0.403435711,1920.0,8,0,1,0,2.0
0,0.012579418,63,0,0.221777822,10000.0,10,0,1,0,0.0
0,0.522182303,56,0,0.44437472,11154.0,21,0,2,0,1.0
0,0.002380606,51,0,0.178527382,30000.0,13,0,1,0,0.0
0,0.0,31,0,0.0,3500.0,3,0,0,0,0.0
0,0.021350794,57,0,0.823588206,2000.0,10,0,2,0,0.0
0,0.147820032,61,2,0.336575148,13366.0,14,0,2,0,4.0
0,0.0,66,0,0.352416867,2916.0,13,0,1,0,0.0
0,0.658507394,52,0,0.487329771,5800.0,12,0,1,0,4.0
0,0.227731911,69,0,0.655825703,3166.0,8,0,1,0,0.0
0,0.470932753,66,0,0.81934629,4527.0,20,0,1,0,0.0
0,0.376624526,68,0,0.484540664,15750.0,32,0,2,0,0.0
0,0.13246921,53,0,1734.0,,7,0,1,0,
0,0.100324964,61,0,0.576510208,4750.0,19,0,2,0,1.0
0,1.00259948,43,0,1.080440305,2361.0,5,0,2,0,0.0
0,0.003844876,58,0,0.151346438,8800.0,7,0,1,0,2.0
0,0.498797136,43,0,0.269735472,4800.0,6,0,0,0,0.0
0,0.035311497,51,0,0.231751421,13548.0,11,0,4,0,2.0
0,0.044160969,67,0,3559.0,,13,0,1,0,0.0
0,0.062104211,40,0,0.004060914,3939.0,2,0,0,0,0.0
0,0.000735258,82,0,0.0,2500.0,3,0,0,0,0.0
0,0.794172261,33,0,0.331556148,3000.0,12,0,0,0,0.0
0,0.20806914,56,0,0.172187468,9750.0,14,0,2,0,0.0
0,0.020486334,69,0,0.432007924,7066.0,14,0,2,0,1.0
0,0.97360176,56,2,0.442854342,5100.0,5,1,1,0,0.0
0,0.156131705,52,0,0.126012756,5800.0,5,0,0,0,1.0
0,0.227917361,48,0,0.539642482,4754.0,5,0,2,0,3.0
0,0.332304137,47,0,0.228251977,11000.0,6,0,1,0,2.0
1,0.973005399,42,2,0.224948406,4360.0,7,0,0,3,2.0
0,0.139951697,56,0,0.100316614,6000.0,3,0,0,0,0.0
0,0.0,45,0,1194.0,,3,0,1,0,0.0
0,0.069025187,31,0,0.436284312,5500.0,9,1,2,0,1.0
0,0.232834374,31,0,0.04193242,7368.0,2,0,0,0,0.0
0,0.024066437,40,0,0.233595801,8000.0,9,0,2,0,1.0
0,0.17531938,54,0,0.32454052,10500.0,9,0,2,0,2.0
0,0.398725423,45,0,0.311186037,10083.0,17,0,1,0,1.0
0,0.9999999,34,0,0.0,1200.0,0,2,0,0,0.0
0,0.065168804,23,0,0.273554604,1867.0,5,0,0,0,0.0
0,0.309048009,59,1,0.278292062,8641.0,10,0,3,0,0.0
0,0.358973541,55,0,0.233210761,5166.0,22,0,0,0,0.0
0,0.9999999,31,0,0.961738003,3083.0,4,0,3,0,1.0
1,0.0,91,0,18.0,,5,1,0,1,0.0
0,0.553021285,33,0,0.235468345,2700.0,6,0,0,0,1.0
0,0.146932871,57,0,0.247375505,3714.0,12,0,1,0,1.0
0,0.033861014,55,0,3592.0,,17,0,2,0,0.0
0,0.082020821,78,0,577.0,,15,0,0,0,0.0
0,1.014394242,36,1,0.320671731,2500.0,5,0,0,0,1.0
0,0.48016887,40,0,0.498136646,4829.0,6,0,2,1,2.0
0,0.292039632,51,0,0.202481903,4834.0,14,0,0,0,1.0
0,0.4955009,34,0,3411.0,,4,0,2,0,0.0
0,0.007370663,81,0,0.213719596,7317.0,17,0,3,0,0.0
0,0.0,45,0,0.042723389,11000.0,6,0,0,0,2.0
0,0.642543961,47,1,1.329157175,3511.0,11,0,2,0,0.0
0,0.005618869,77,0,0.214637579,4262.0,9,0,1,1,0.0
0,0.066643547,32,0,0.367942402,7916.0,7,0,1,0,1.0
0,0.06839658,57,0,0.208716045,5116.0,2,0,1,0,0.0
0,0.101441627,60,0,0.484229231,2250.0,7,0,2,0,0.0
0,0.449828691,55,0,0.294037799,9576.0,7,0,1,0,1.0
0,0.0,53,0,0.400137426,4365.0,8,0,2,0,1.0
0,0.0,39,0,2383.0,,8,0,1,0,2.0
0,0.122447606,52,0,823.0,,22,0,0,0,0.0
0,0.007424017,85,0,0.00155521,4500.0,5,0,0,0,0.0
0,0.206749838,39,0,3304.0,,7,0,1,0,0.0
0,0.83908046,84,1,0.191312997,3015.0,5,0,0,0,0.0
0,1.071185763,26,0,0.232883558,2000.0,4,1,0,0,1.0
0,0.956808638,55,0,0.29605415,13000.0,13,0,2,0,1.0
0,0.477332304,64,1,0.97483706,12120.0,13,0,4,0,0.0
0,0.052147498,50,1,0.491637631,2869.0,6,0,1,0,1.0
0,0.206189691,65,0,0.31924825,8140.0,6,0,2,0,0.0
0,0.434874134,29,0,0.689040208,3083.0,5,0,1,0,0.0
0,0.320071571,33,0,0.077977721,2333.0,3,0,0,0,0.0
0,0.0,84,0,0.0,4300.0,5,0,0,0,0.0
0,0.80848294,48,0,0.163189121,15000.0,7,0,0,0,3.0
0,0.023677452,71,0,0.536947352,6400.0,15,0,4,0,0.0
0,0.307893632,52,0,0.322882395,15500.0,10,0,2,0,1.0
0,0.0,67,0,0.291391722,6667.0,5,0,1,0,1.0
0,0.059551258,61,1,0.020862309,6470.0,5,0,0,0,0.0
0,0.016999056,59,0,0.290963152,9416.0,9,0,3,0,0.0
0,0.01655419,48,0,7.710963455,300.0,13,0,2,0,4.0
0,0.860307813,35,0,0.203559288,5000.0,6,0,0,0,2.0
1,0.739825581,28,0,0.106998654,2971.0,4,0,0,0,2.0
0,0.215407541,54,0,0.320585098,6562.0,8,0,2,0,0.0
0,0.085684822,56,0,0.324251835,7083.0,11,0,2,0,0.0
0,0.000280692,59,0,457.0,,4,0,1,0,0.0
0,0.0,37,0,0.372395469,7150.0,3,0,2,0,2.0
1,0.467536126,40,0,0.388768539,6000.0,8,0,2,0,0.0
0,0.024581466,61,0,0.082669323,4015.0,12,0,0,0,0.0
0,0.575221544,60,0,446.5,1.0,3,0,0,0,1.0
1,1.155649372,36,0,0.19524224,3446.0,2,3,0,1,2.0
0,0.370756557,52,0,0.403694602,11800.0,12,0,2,0,2.0
0,0.176958067,47,0,0.054328806,12000.0,10,0,0,0,1.0
0,0.9999999,47,0,0.0,,1,0,0,0,0.0
0,0.82176775,41,0,0.378190801,8500.0,15,0,1,0,4.0
1,0.573883162,58,2,0.471960989,2870.0,6,4,1,0,0.0
0,0.703148426,31,0,0.068198776,6700.0,11,0,0,0,1.0
0,0.16669981,57,0,0.407932925,3100.0,6,0,1,0,0.0
0,3845.0,66,0,0.036266162,3170.0,4,0,0,0,0.0
0,0.662440627,53,0,0.159898477,4333.0,1,0,0,0,0.0
0,0.148173089,41,0,0.117009132,14015.0,8,0,2,0,1.0
0,0.049487332,62,0,1.529235382,2000.0,9,0,1,0,0.0
0,0.982803439,45,2,0.02821204,5564.0,1,1,0,2,3.0
0,0.042496968,47,0,1.080191981,10000.0,16,0,9,0,0.0
0,0.0,25,0,0.0,,1,0,0,0,0.0
0,0.026623574,45,0,896.0,,10,0,1,0,0.0
0,0.000499975,55,0,1685.0,,4,0,1,0,
0,0.03307276,44,0,0.239960007,6000.0,8,0,1,0,0.0
0,0.00795256,75,2,0.293008985,9125.0,12,0,2,0,0.0
0,0.051920073,52,0,0.284571543,10000.0,11,0,2,0,0.0
0,0.217856948,49,0,0.115891532,6600.0,7,0,2,0,1.0
0,0.9999999,23,0,557.0,,1,0,0,0,
0,0.060847277,30,0,0.136105431,4400.0,9,0,0,0,0.0
0,0.819798335,55,0,0.496144355,6483.0,10,0,1,0,1.0
0,0.018865022,47,0,1472.0,,8,0,1,0,0.0
0,0.041509664,51,0,0.334880124,9050.0,10,0,1,0,3.0
0,0.064294223,60,0,0.010635397,11000.0,6,0,0,0,0.0
0,0.071430618,52,0,1847.0,,7,0,2,0,2.0
0,0.9999999,21,0,0.0,3000.0,1,0,0,0,0.0
0,0.057712454,70,0,0.191362311,7200.0,3,0,1,0,0.0
0,0.149721264,39,0,0.303429586,10700.0,8,0,1,0,0.0
1,0.9999999,57,1,2222.0,,7,1,2,0,0.0
0,0.013313098,61,0,0.08051839,16666.0,8,0,1,0,0.0
0,0.110974648,70,0,0.239124561,3700.0,11,0,1,0,0.0
0,0.096045198,42,0,0.201449387,12970.0,8,0,2,0,0.0
0,0.140219106,26,0,4.873403665,1800.0,10,0,4,0,0.0
0,0.010336038,72,0,1180.0,,10,0,1,0,0.0
0,0.0447371,77,0,0.2655561,4081.0,9,0,1,0,0.0
0,0.97349049,38,1,0.346055359,8200.0,6,0,1,0,0.0
0,0.709651614,49,1,0.678601166,1200.0,3,0,0,0,0.0
0,0.918565699,49,0,0.413063477,25000.0,18,0,2,0,3.0
0,0.9999999,25,0,0.0,,0,0,0,0,
0,0.0758237,65,0,1045.0,,19,0,1,0,1.0
0,0.615589607,26,1,549.0,0.0,7,0,0,0,0.0
0,0.048819787,32,0,0.448995013,6616.0,6,0,1,1,0.0
0,0.304969188,61,0,0.668055324,6000.0,12,0,1,0,0.0
0,0.01273241,79,1,0.298349057,4239.0,9,0,1,0,0.0
0,0.222526298,65,0,0.443695107,6375.0,15,0,1,0,1.0
0,0.271376841,60,0,0.550830373,10416.0,19,0,2,0,2.0
0,0.657711147,30,0,0.376068376,2105.0,8,0,0,0,0.0
0,0.008324959,67,0,1135.0,,15,0,1,0,
0,0.0,71,0,0.0,900.0,1,0,0,0,0.0
0,0.276861569,33,0,0.004014049,3985.0,3,1,0,0,0.0
0,0.247975202,53,1,0.399868895,3050.0,10,0,1,0,0.0
0,0.090327312,41,0,0.949220312,2500.0,5,0,1,0,2.0
0,0.069921459,59,1,0.333970129,5757.0,15,0,1,0,0.0
0,0.9999999,54,0,0.805970149,1875.0,4,0,1,0,1.0
0,0.0134754,78,0,53.0,,13,0,0,0,0.0
1,0.657927591,54,1,0.104836092,3080.0,5,0,0,0,1.0
0,0.0,41,0,4283.0,,6,0,3,0,0.0
0,0.03929869,79,0,0.121140841,3400.0,4,0,1,0,0.0
0,0.42415931,56,0,6838.0,,4,0,2,0,0.0
0,0.00584465,80,0,0.008531058,3750.0,13,0,0,0,0.0
0,0.184703453,54,0,0.28532829,3700.0,16,0,1,0,0.0
0,0.260342139,63,0,0.397120576,5000.0,15,0,1,0,0.0
1,1.898004435,41,0,0.495292597,5416.0,3,5,1,1,3.0
0,0.324100791,53,0,0.602276806,19500.0,34,0,19,0,3.0
0,0.333206754,42,0,1.281199613,3100.0,17,0,2,0,2.0
0,0.346982651,64,0,0.676092545,3500.0,8,0,1,0,0.0
0,0.9999999,35,0,0.417310665,1940.0,5,0,1,0,0.0
0,0.251557137,36,1,1.369315342,2000.0,10,0,1,0,2.0
0,0.014691459,72,0,75.0,0.0,13,0,0,0,0.0
0,0.179148466,45,0,0.051164401,11550.0,6,0,0,0,5.0
0,0.9999999,62,0,0.397218863,8269.0,6,0,2,0,0.0
0,0.378874413,69,0,0.423744397,8700.0,16,0,2,0,0.0
1,0.767840152,74,3,0.2964495,2900.0,4,1,0,1,0.0
0,0.603964587,59,0,1408.0,,8,0,1,0,3.0
0,0.9999999,47,1,0.206239168,7500.0,10,0,0,0,2.0
0,0.404603469,45,0,0.819477874,5400.0,9,0,2,0,1.0
0,0.383910485,32,0,1101.0,,10,0,1,0,0.0
0,0.018731631,46,0,3099.0,,9,0,2,0,0.0
0,0.026855225,44,0,0.003141959,3500.0,4,0,0,0,1.0
1,0.9999999,32,2,0.638593381,3383.0,5,0,2,0,1.0
0,0.001446747,67,0,0.000166639,6000.0,4,0,0,0,0.0
0,0.096331193,50,0,0.216250964,11666.0,4,0,2,0,2.0
0,0.23872016,44,0,0.779406864,3000.0,5,0,1,0,1.0
1,0.646202106,52,1,4621.0,,11,6,1,0,0.0
0,0.086576619,38,0,484.0,,9,0,0,0,2.0
0,0.542435028,59,0,0.511456742,7200.0,14,0,1,0,0.0
0,0.985018727,64,0,0.148961077,3416.0,2,4,0,0,0.0
0,0.845890262,75,0,7670.0,,16,0,2,0,0.0
0,0.043752516,47,0,0.145541783,2500.0,3,0,0,0,4.0
0,0.073385232,66,0,0.070686071,9619.0,3,0,1,0,1.0
0,0.229002011,56,0,0.345706737,7569.0,9,0,2,0,0.0
0,0.098349955,44,0,0.058249041,8600.0,7,0,0,0,1.0
1,0.9999999,59,2,0.055234087,1900.0,2,3,0,1,0.0
0,0.20758483,36,1,2370.0,,4,5,1,0,0.0
0,0.071451698,78,0,0.027235501,10500.0,10,0,0,0,0.0
0,0.55895704,60,0,0.141455286,5400.0,2,0,0,0,0.0
0,0.179989917,33,0,0.843662535,2500.0,9,0,1,0,0.0
0,0.073191767,54,0,0.020708083,4490.0,4,0,0,0,0.0
0,0.554011284,46,0,0.115922371,9583.0,9,2,1,0,3.0
0,0.60934073,55,0,0.641863961,2660.0,8,0,1,0,0.0
0,0.790010499,63,0,2197.0,,4,0,0,0,0.0
0,0.007089373,48,0,0.28418537,9623.0,16,0,2,0,0.0
0,0.034061436,60,0,0.005332445,6000.0,7,0,0,0,0.0
0,0.241533064,50,0,1.039069767,5374.0,7,0,2,0,0.0
0,0.16134876,62,0,0.068154257,8245.0,4,0,0,0,0.0
1,0.208121827,36,0,0.442980463,2200.0,5,1,0,1,2.0
0,0.336388849,65,0,0.220998478,13800.0,13,1,0,0,1.0
0,0.045921275,46,0,0.060871196,16000.0,19,0,1,0,0.0
0,1.009495252,32,0,0.044369454,8000.0,7,0,0,1,0.0
0,0.019314619,74,0,1308.0,,8,0,2,0,0.0
1,0.157661889,40,0,0.282071793,10000.0,16,0,1,0,2.0
0,0.874881203,60,0,0.552057443,3620.0,10,0,1,0,0.0
0,0.038528656,57,0,0.345022168,2480.0,8,0,1,0,0.0
0,0.121625178,37,0,0.575942915,3923.0,8,0,1,0,1.0
0,0.0,80,0,502.0,,4,0,0,0,0.0
0,0.02291546,96,0,0.007622812,7083.0,5,0,0,0,0.0
0,0.0,58,0,0.589482104,5000.0,12,0,2,0,0.0
0,0.121192616,62,0,0.545727136,2000.0,11,0,1,0,0.0
0,0.108456874,41,0,306.5,1.0,20,0,1,0,4.0
0,0.1147439,68,0,2408.0,,6,0,1,0,
0,0.063783688,50,0,0.209232564,12000.0,13,0,2,0,0.0
0,0.115223618,84,0,0.117433194,5500.0,7,0,0,0,0.0
0,0.137391164,51,0,0.361627744,7150.0,7,0,2,0,0.0
0,0.962539486,53,0,0.415381099,8750.0,11,0,2,0,2.0
0,0.073634132,46,0,0.444150344,5666.0,9,0,1,0,3.0
0,0.336250436,43,0,0.444455554,10000.0,16,0,2,0,0.0
0,0.9999999,46,0,0.159107271,4166.0,0,1,0,0,0.0
0,0.052539568,74,0,107.0,,14,0,0,0,0.0
0,0.003641708,48,1,0.418531568,10500.0,17,0,1,0,2.0
0,0.784009191,53,0,0.289615456,5382.0,8,0,1,0,0.0
0,0.9999999,32,0,0.208176101,6359.0,3,0,2,0,0.0
0,0.491447298,43,0,0.499683844,6325.0,13,0,2,0,1.0
0,0.9999999,91,0,0.0,2400.0,1,0,0,0,0.0
0,0.26210295,56,0,0.265643218,5145.0,9,0,1,0,0.0
0,0.017689823,54,0,0.60725507,3500.0,15,0,1,0,0.0
0,0.936191982,31,4,0.060705974,5155.0,6,0,0,0,1.0
0,0.103167394,54,0,0.20679743,11827.0,18,0,1,0,2.0
0,0.237793844,59,0,0.366807376,4500.0,10,0,0,0,2.0
0,0.143529117,57,0,0.173253676,2175.0,13,0,0,0,0.0
0,0.9999999,61,0,450.3333333,2.0,7,0,1,0,0.0
0,0.067120805,45,0,2555.0,,5,0,2,0,0.0
1,1.170921199,22,1,31.0,,2,0,0,1,
0,0.000546755,68,0,0.149124167,6450.0,7,0,1,0,0.0
0,0.06534252,79,7,0.782016349,1100.0,12,0,1,0,0.0
0,0.02947647,73,0,0.131106567,4400.0,3,0,0,0,0.0
0,0.0,39,0,0.0,6466.0,1,0,0,0,2.0
0,0.528157281,48,0,0.34724033,2300.0,9,0,2,0,0.0
0,0.379550083,76,0,1322.0,,5,0,1,0,1.0
0,1.764621969,33,0,0.580683863,3333.0,7,0,1,0,0.0
0,0.17311226,42,0,0.457568007,4300.0,11,0,1,0,3.0
0,0.024954243,50,0,0.28261664,8208.0,6,0,2,0,1.0
1,1.00909909,78,1,0.331839821,3570.0,6,2,0,1,0.0
0,0.033997044,57,0,8078.0,,10,0,3,0,
0,0.068551075,49,0,0.465804067,5950.0,17,0,2,0,2.0
0,0.120147523,65,0,1996.5,1.0,15,0,4,0,0.0
0,0.0,70,0,0.292872922,8600.0,6,0,2,0,0.0
0,0.426352263,56,0,0.289182435,2800.0,8,0,2,0,0.0
0,0.51029494,53,1,0.782636168,7912.0,13,0,2,0,3.0
0,0.0,49,0,2061.0,,12,0,1,0,0.0
0,0.111669546,49,0,1506.0,,12,0,4,0,0.0
0,0.012654954,67,0,0.211344538,9519.0,9,0,1,0,0.0
0,0.0,80,0,7.494590417,646.0,14,0,4,0,0.0
1,0.9999999,40,1,2049.0,,7,0,1,0,
0,0.016721309,57,0,0.209538979,11300.0,13,0,1,0,6.0
0,0.111469595,43,0,0.477913107,5500.0,8,0,2,0,0.0
0,0.485392026,29,0,0.192903407,3550.0,7,0,0,0,0.0
0,0.688631487,62,2,0.0896048,23000.0,13,0,0,0,0.0
0,0.258261594,23,1,0.043010753,929.0,3,1,0,0,0.0
0,0.110149988,65,2,0.23835233,5000.0,10,0,1,0,1.0
0,0.818561949,40,0,0.386957274,5780.0,2,0,1,0,0.0
0,0.873774042,47,0,366.0,,6,0,0,0,0.0
0,0.204553382,44,0,0.098686679,2664.0,5,0,0,0,1.0
0,0.127211075,62,0,0.295643894,4200.0,15,0,0,0,1.0
0,0.069517237,63,0,0.021038317,12500.0,6,0,0,0,0.0
0,0.94763566,44,0,1.619861432,2164.0,8,0,1,0,1.0
0,0.360842415,72,0,0.36185444,5866.0,4,0,2,0,0.0
0,0.053581829,28,0,0.002104709,3800.0,2,0,0,0,0.0
0,0.220229648,32,0,3.807247735,3200.0,4,0,1,0,2.0
0,0.020326532,47,0,0.273655304,16750.0,10,0,3,0,1.0
0,0.118711651,60,0,0.35394101,6000.0,18,0,1,0,1.0
0,3.35e-05,62,0,0.044791348,9800.0,12,0,0,0,0.0
0,0.183085055,47,0,0.814069038,3823.0,9,0,2,0,1.0
0,0.146937937,60,0,0.098938948,18000.0,4,0,1,0,0.0
0,0.641374345,55,0,2256.0,,3,0,2,0,0.0
1,1.198880299,37,2,0.478664524,5600.0,6,3,1,3,3.0
0,0.089130124,66,1,0.004781569,4600.0,8,0,0,0,0.0
0,0.605087182,41,0,0.605583071,2220.0,7,0,1,0,2.0
0,0.064355611,63,0,0.496304118,2840.0,9,0,3,0,1.0
0,0.9999999,62,0,225.0,,2,0,1,0,0.0
0,0.109104062,51,0,0.3525285,10262.0,8,0,2,0,1.0
0,0.877906447,61,0,0.535431959,7083.0,10,0,1,0,0.0
0,0.665333524,30,1,0.399720056,5000.0,7,0,1,1,0.0
0,0.064450318,58,0,0.392151962,4000.0,11,0,1,0,1.0
0,0.656884849,55,0,6541.0,,13,0,2,0,0.0
0,0.15109785,65,0,99.0,,2,0,0,0,0.0
0,0.011493727,77,0,0.188569155,7540.0,11,0,1,0,0.0
0,0.0,59,0,0.0,3400.0,2,0,0,0,0.0
0,0.31361792,40,0,0.39649426,8100.0,23,0,3,0,1.0
0,0.044498517,78,0,0.15352144,4500.0,6,0,0,0,1.0
0,0.004092517,65,0,18.0,,4,0,0,0,0.0
0,0.027304329,86,0,0.00742751,7000.0,4,0,0,0,0.0
0,0.075897916,62,0,126.0,,3,0,0,0,0.0
0,0.036235705,64,0,0.094955697,14332.0,5,0,1,0,0.0
1,0.239842149,54,1,0.132178563,8601.0,27,1,0,0,1.0
0,0.242436222,68,0,0.337919175,6977.0,8,0,1,0,0.0
0,0.203794095,49,0,0.562453129,12000.0,10,0,3,0,3.0
0,0.468542284,72,0,0.322805025,14088.0,10,0,2,0,0.0
0,0.159358557,60,2,0.233233897,9050.0,15,0,2,0,0.0
0,0.061615171,79,0,0.01266546,10500.0,9,0,0,0,0.0
0,0.002256381,63,0,0.00059997,6666.0,9,0,0,0,0.0
0,0.412208536,64,1,0.438855561,6500.0,12,0,2,0,0.0
0,0.007693585,67,0,0.154542711,3312.0,16,0,1,0,0.0
1,0.900203413,41,0,0.79013443,9000.0,22,0,2,0,0.0
0,0.156172353,51,0,0.457677116,20000.0,9,0,6,0,3.0
1,0.9999999,49,0,0.0,3683.0,0,0,0,0,1.0
0,0.003096903,61,0,0.001071483,6532.0,7,0,0,0,1.0
0,0.984641229,39,0,0.534193161,3333.0,8,0,2,0,0.0
0,0.466695809,32,1,0.409882891,3500.0,6,0,0,0,1.0
0,0.213341576,45,0,0.350886548,7500.0,8,0,1,0,3.0
0,0.9999999,66,0,0.0,2000.0,0,0,0,0,1.0
0,0.045286876,73,0,0.196557468,1800.0,11,0,1,0,0.0
0,0.747962337,39,1,0.278188765,12300.0,18,0,3,0,1.0
0,0.038137409,43,0,0.365331364,10833.0,8,0,1,0,2.0
0,0.233553289,39,0,0.016738403,2090.0,1,0,0,0,2.0
0,0.911398246,40,2,1058.0,,7,0,0,0,3.0
0,0.365591558,79,0,0.290803109,6175.0,17,0,1,0,0.0
0,0.436672236,54,0,0.374108612,14583.0,6,0,2,0,0.0
0,0.048392335,51,0,0.120967742,3967.0,9,0,0,0,1.0
0,0.023729857,56,2,0.090501663,6916.0,4,0,1,0,0.0
0,0.007200577,63,0,38.0,,5,0,0,0,0.0
0,0.491979451,56,1,0.05473246,8166.0,7,0,0,0,0.0
0,0.068176137,60,0,0.95744282,5333.0,4,0,2,0,0.0
0,0.204043571,54,0,0.269105312,8583.0,12,0,2,0,4.0
0,0.002189717,75,0,1865.0,,6,0,1,0,0.0
0,0.162595578,44,0,0.255742997,50800.0,23,0,2,0,2.0
1,0.9999999,49,3,0.256566684,5900.0,3,7,1,1,2.0
0,0.0,62,0,0.207416833,5500.0,7,1,1,0,1.0
0,0.472266576,41,0,0.536774965,5016.0,8,0,1,0,2.0
0,0.046448394,64,0,0.032489847,3200.0,4,0,0,0,0.0
0,0.027051473,78,0,0.075493709,12000.0,7,0,1,0,1.0
0,0.394641157,50,2,2.494793836,2400.0,17,0,4,0,2.0
0,0.0,66,0,0.0,10000.0,3,0,0,0,0.0
0,0.0,37,0,0.077382498,3850.0,1,0,0,0,0.0
0,0.0,67,0,0.401449819,8000.0,10,0,3,0,0.0
0,0.150810639,72,0,0.255849833,11666.0,18,0,2,0,0.0
0,0.021171126,67,0,0.266860571,5500.0,7,0,1,0,1.0
0,0.031498425,59,0,5542.0,,14,0,4,0,0.0
0,0.117586084,37,0,0.263461827,13333.0,11,0,2,0,2.0
0,0.0,84,0,0.0,0.0,4,0,0,0,0.0
0,0.012729712,72,0,11.0,,4,0,0,0,0.0
0,0.062775095,50,0,0.284454029,5100.0,6,0,1,0,1.0
0,0.333574559,74,0,0.498250292,6000.0,15,0,2,1,1.0
0,0.140761497,52,0,0.332672426,7060.0,4,0,1,0,2.0
0,0.409143189,65,0,5969.0,,19,0,1,0,1.0
0,0.00136897,60,0,203.0,,22,0,0,0,2.0
1,0.011827873,43,1,0.492385787,6500.0,10,0,2,0,4.0
0,0.456646979,51,0,0.268400176,13613.0,24,0,1,0,2.0
0,0.253589807,62,0,0.354185833,25000.0,8,0,3,0,1.0
0,0.02135415,27,0,0.091969344,3000.0,6,0,0,0,0.0
0,0.015717656,64,0,0.115733991,17833.0,4,0,1,0,0.0
0,0.655021834,27,0,0.222259247,3000.0,7,0,0,0,0.0
0,0.057547123,40,0,0.246459481,5083.0,7,0,2,0,0.0
0,0.55318617,48,0,0.151476252,14800.0,8,0,1,0,1.0
0,0.9999999,60,0,0.0,1100.0,0,0,0,0,0.0
1,0.908454616,48,1,0.667314635,3600.0,6,1,1,0,1.0
0,0.0,58,0,2192.0,,12,0,1,0,1.0
0,0.037503559,69,0,65.0,,8,0,0,0,0.0
0,0.256824773,65,0,1.269492203,2500.0,15,0,0,0,0.0
0,0.135336207,56,0,0.252013702,10800.0,9,0,1,0,2.0
0,0.311101046,47,0,0.269654088,7631.0,9,0,1,0,3.0
0,0.9999999,53,0,0.256217417,11700.0,3,0,2,0,4.0
0,0.951592226,40,0,2045.0,,5,0,0,0,3.0
0,0.024627756,89,0,0.005135176,6620.0,3,0,0,0,0.0
0,0.018943395,47,0,2253.0,,5,0,1,0,0.0
0,0.093247766,65,1,17671.0,,17,0,5,0,2.0
0,0.487051295,32,0,0.287524641,3550.0,9,0,1,0,3.0
0,0.002258252,59,0,0.00388673,1800.0,7,0,0,0,0.0
0,0.00323581,31,0,0.383248167,4500.0,5,0,1,0,2.0
0,0.0,47,0,0.189084575,5166.0,3,0,1,0,2.0
0,0.612301438,57,0,0.364467849,10823.0,9,0,3,0,0.0
1,0.115603315,64,0,0.234473812,12333.0,20,0,1,0,2.0
0,0.01356542,50,0,796.0,,8,0,1,0,0.0
0,0.336229737,49,0,0.206517759,5461.0,8,0,1,0,3.0
0,0.062462481,48,0,1611.0,,6,0,2,0,3.0
0,0.047285617,65,0,314.0,,8,0,0,0,
0,0.9999999,62,0,0.0,,1,0,0,0,0.0
0,0.058635031,58,0,0.515388628,1916.0,6,0,0,0,1.0
0,0.053656049,45,0,0.054539884,9790.0,9,0,0,0,2.0
0,0.099860009,59,0,0.237934145,4433.0,4,0,1,0,0.0
0,0.925848782,32,1,0.09141791,3215.0,4,0,0,0,1.0
0,0.216819856,59,0,0.396322346,11800.0,11,0,2,0,0.0
0,0.022939541,56,0,0.510289991,2137.0,11,0,1,0,1.0
0,0.662748277,50,0,0.139962677,3750.0,12,0,1,0,0.0
0,0.159172887,62,0,0.645405964,5800.0,10,0,1,0,0.0
0,0.063815816,59,0,0.139674379,3500.0,9,0,0,0,1.0
0,0.322941647,71,0,0.096903097,1000.0,5,0,0,0,0.0
0,0.02378687,73,0,1184.0,,4,0,2,0,0.0
0,0.0,48,0,1108.0,,4,0,1,0,
0,0.107624764,59,0,0.276654097,11667.0,12,0,2,0,3.0
0,0.047724174,66,0,0.75812094,2000.0,11,0,1,0,1.0
0,0.036343889,38,0,0.110269961,7000.0,8,0,1,0,1.0
0,0.35458818,52,1,0.53685816,5900.0,6,0,2,0,0.0
0,0.010402205,68,0,0.094140517,3600.0,6,0,1,0,0.0
0,0.401355501,40,0,0.505376344,5300.0,5,0,1,0,2.0
0,0.188963517,66,0,0.117089921,26500.0,5,0,1,0,0.0
0,0.527481377,37,0,0.692195265,3420.0,6,0,2,0,1.0
0,0.257382841,54,0,1118.0,,3,0,1,0,2.0
1,0.571385189,46,0,0.436732362,3500.0,21,1,1,0,2.0
1,0.9999999,51,4,0.363837068,9058.0,5,2,1,1,2.0
0,0.644251864,29,0,4791.0,,15,0,2,0,0.0
0,0.079452482,63,2,0.201199201,1500.0,10,0,0,0,1.0
0,0.9999999,76,0,0.0,6950.0,1,0,0,0,0.0
0,0.539384455,32,0,0.148716518,3583.0,8,6,0,1,0.0
0,0.006119884,29,0,0.146670666,3333.0,5,0,0,0,0.0
0,0.148289838,34,0,0.574585635,3800.0,5,0,2,0,3.0
1,0.0,63,0,0.188378471,5833.0,9,0,2,0,0.0
0,0.078284547,57,1,0.458472204,7500.0,13,0,3,0,0.0
0,0.195140243,59,0,0.240815958,11078.0,8,0,2,0,3.0
0,0.130816506,78,0,1298.0,,12,0,3,0,0.0
0,0.0,30,0,0.144285238,3000.0,6,1,0,0,0.0
0,0.671278504,55,1,0.396075491,8000.0,9,0,1,0,0.0
0,0.999315303,32,0,0.329896907,3200.0,7,0,0,0,0.0
0,0.658386745,45,1,1354.0,,16,0,1,0,0.0
0,0.338302127,39,0,0.265900108,2782.0,8,0,0,0,2.0
0,0.017440382,38,0,0.71898883,1700.0,18,0,0,0,2.0
0,0.124596216,25,0,0.662606577,820.0,5,0,0,0,0.0
0,0.840705381,47,0,0.376657248,4600.0,8,0,1,0,1.0
0,0.257122982,33,0,0.334854535,5258.0,10,0,2,0,0.0
0,0.001823733,61,0,2184.0,,8,0,2,0,
0,0.042252127,49,0,0.327717852,8250.0,24,0,1,1,3.0
0,0.004674577,42,0,0.322382517,7000.0,7,0,1,0,0.0
0,0.062372,36,0,1.046201232,5843.0,11,0,2,0,2.0
0,0.120671189,42,0,0.564730219,5800.0,9,0,2,0,0.0
0,0.003166561,77,0,2.0,,2,0,0,0,0.0
0,0.672149548,55,0,0.189387694,26685.0,13,0,2,0,4.0
0,0.9999999,57,1,5053.0,,3,3,3,0,1.0
0,0.007319707,64,0,0.141918434,14000.0,4,0,1,0,0.0
0,0.7088565,40,0,1.024195161,5000.0,11,0,2,0,0.0
1,0.868809731,31,4,0.279511156,10800.0,10,0,2,0,0.0
0,0.048831024,71,0,0.262487757,4083.0,16,0,1,0,0.0
0,0.169990811,40,0,0.500648028,5400.0,8,0,1,0,2.0
0,0.060803457,62,0,0.449477352,6600.0,7,0,1,0,0.0
0,0.966806639,45,0,0.368770764,2106.0,4,0,1,0,2.0
0,0.00679322,55,0,0.373715657,40000.0,14,0,3,0,4.0
0,0.380967942,41,0,0.491049831,6200.0,9,0,2,0,0.0
0,0.132848854,65,0,0.11040527,17000.0,11,0,1,0,0.0
0,0.799587904,51,0,0.062277445,13198.0,3,0,0,0,1.0
0,0.825964264,72,0,0.676031384,3950.0,12,0,0,0,0.0
0,0.18283181,49,0,0.843647386,3958.0,20,0,3,0,1.0
0,0.153056463,36,0,0.198644595,9000.0,4,0,1,0,0.0
0,0.122368052,50,2,0.555088982,5000.0,17,0,3,0,0.0
0,0.001666556,76,0,0.394747367,7500.0,6,0,3,0,0.0
0,0.017796441,32,0,0.014666317,42000.0,4,0,2,0,0.0
0,0.206951598,75,0,0.393053473,4001.0,11,0,2,0,0.0
0,0.05475818,37,0,0.071367006,5800.0,4,0,0,0,1.0
0,0.064422791,62,0,0.01285347,3500.0,6,0,0,0,0.0
0,0.276265078,72,0,0.332223147,1200.0,5,0,0,0,0.0
0,0.331210438,39,1,0.216556689,5000.0,8,0,0,0,4.0
0,0.006671051,56,0,0.295139973,9608.0,16,0,2,0,1.0
0,0.01292102,75,0,0.174975004,7000.0,10,0,1,0,1.0
0,0.059306255,24,0,0.203622736,1600.0,5,0,0,0,1.0
0,0.036422035,30,0,1756.0,1.0,10,0,2,0,0.0
0,0.096380724,47,0,440.0,,3,0,0,0,0.0
0,0.9999999,47,0,0.0,,6,0,0,0,0.0
0,1.007851535,32,0,0.213874583,3300.0,10,0,0,0,0.0
0,0.156682604,57,0,0.299419981,16895.0,11,0,3,0,1.0
0,0.104910484,40,0,0.447290432,9447.0,9,0,2,0,0.0
0,0.9999999,50,0,0.232467713,7200.0,7,0,1,0,1.0
0,0.545019998,48,1,0.287546186,4600.0,6,0,0,0,2.0
0,0.130236248,58,0,2023.0,,23,0,2,0,0.0
0,0.418485054,53,0,0.195338513,1801.0,7,0,0,0,1.0
0,0.339475752,44,1,0.372894393,13000.0,13,0,2,0,2.0
0,0.081155737,36,0,0.517847629,5630.0,15,0,3,0,0.0
0,0.464163233,62,0,0.187237719,8101.0,11,0,1,0,0.0
0,0.019433745,49,0,2011.0,,14,0,2,0,0.0
0,0.0,33,0,2684.0,,5,0,2,0,0.0
0,0.168883112,48,0,2392.0,,3,0,2,0,0.0
0,0.039358977,51,0,0.130610672,5190.0,12,0,1,0,2.0
0,0.138409037,50,0,2167.0,,4,0,1,0,
0,0.024130845,76,0,0.016991504,2000.0,4,0,0,0,0.0
0,0.023912244,67,0,489.0,,6,0,0,0,0.0
0,0.007579215,57,0,0.204867006,5300.0,6,0,2,0,1.0
0,0.02365457,58,0,0.011792968,4578.0,6,0,0,0,2.0
0,0.070639405,32,0,2002.0,,8,0,1,0,
0,0.266183823,62,0,0.15959596,2969.0,11,0,0,0,0.0
0,0.269926624,60,0,0.649257749,13000.0,15,0,2,0,3.0
1,0.976900534,32,0,0.214566226,2800.0,5,0,0,0,0.0
0,0.134023607,71,0,0.46469422,6556.0,14,0,3,0,1.0
0,0.163042162,68,0,0.419746174,10715.0,8,1,2,0,0.0
0,0.0439715,37,0,0.023534841,4333.0,4,0,0,0,0.0
0,0.382730216,72,0,2115.0,,5,0,1,0,0.0
0,0.9999999,23,0,15.0,0.0,1,0,0,0,0.0
1,0.999940338,46,2,0.73272536,5701.0,9,1,2,0,2.0
0,0.322321405,39,0,3582.0,,11,0,4,0,0.0
0,0.9999999,80,0,0.178210603,9600.0,4,0,1,0,0.0
0,0.011217505,68,1,4016.0,,8,0,3,0,0.0
0,0.436851509,33,0,0.576522032,5945.0,9,0,1,0,0.0
0,0.004897105,60,0,1252.0,,11,0,1,0,0.0
0,0.017067091,74,0,0.429856714,3000.0,21,0,1,0,0.0
0,0.0,68,0,2663.0,,4,0,2,0,0.0
0,0.042368644,64,0,0.223050354,5500.0,4,0,1,0,1.0
0,0.171229941,46,0,0.289063221,10834.0,8,0,1,0,0.0
0,0.050031666,85,0,44.0,,2,0,0,0,0.0
0,0.001995226,93,0,0.000590388,8468.0,3,0,0,0,0.0
0,0.268761675,64,0,2049.0,,14,0,2,0,0.0
0,0.18825882,77,0,0.022988506,2000.0,4,0,0,0,0.0
0,0.002413627,47,0,9.0,,7,0,0,0,0.0
0,0.065313354,51,0,0.318490868,7500.0,9,0,1,0,0.0
0,0.159978419,54,1,0.653079231,11333.0,23,0,2,0,0.0
0,0.549202988,48,0,2651.0,,6,0,1,0,0.0
0,0.9999999,41,0,115.0,,1,0,0,0,
0,0.251774823,55,6,0.155312625,7500.0,11,0,0,0,1.0
0,0.305878456,47,0,3152.0,,11,0,1,0,1.0
0,0.994125566,40,0,1594.0,,9,0,2,0,0.0
0,0.259602624,46,0,0.046977587,8833.0,4,0,0,0,0.0
0,0.021586616,52,0,0.101870851,8284.0,3,0,1,0,0.0
0,0.06147429,41,0,21377.0,,13,0,7,0,0.0
0,0.0,56,0,0.046613153,7100.0,3,0,1,0,3.0
0,0.140419885,57,0,0.032229658,17033.0,4,0,0,0,3.0
1,0.9999999,44,2,0.146762887,24249.0,5,3,0,0,0.0
0,0.9999999,62,0,0.281817677,18000.0,7,0,2,0,0.0
0,0.235409195,40,1,850.0,,7,0,1,0,2.0
0,0.331496025,37,0,0.55341543,9500.0,9,0,2,0,1.0
0,0.090621023,50,0,0.770787042,8550.0,5,0,3,0,3.0
0,0.984112876,33,0,0.344514043,4948.0,3,0,1,0,1.0
0,0.758850479,33,0,0.188212309,3070.0,2,0,0,0,0.0
0,0.449197861,26,0,0.010361752,5500.0,4,0,0,0,1.0
0,0.590160656,35,0,0.304391721,1980.0,9,0,0,1,1.0
0,0.046535789,64,0,0.165734981,12700.0,10,0,2,0,0.0
0,0.353563905,67,0,3283.0,,12,0,1,0,
0,0.096190458,56,0,503.0,,11,0,1,0,0.0
0,0.0,73,0,1391.0,,5,0,1,0,0.0
1,0.940179638,66,0,0.306489729,5500.0,9,0,0,0,0.0
0,0.179422875,41,0,0.34166011,5083.0,4,0,1,0,2.0
0,0.874216844,45,3,0.358039505,10833.0,14,0,1,1,4.0
0,0.299168219,56,0,0.287350405,7770.0,15,0,1,0,0.0
0,0.001665258,43,0,0.448855114,10000.0,7,0,1,0,2.0
0,0.45996108,57,0,0.637191735,4500.0,11,0,1,0,1.0
0,0.005405319,41,0,0.320642867,7590.0,12,0,1,0,0.0
0,0.0,75,0,3.0,,8,0,0,0,
0,0.943305669,45,0,0.42604712,4583.0,8,0,2,0,0.0
1,0.728150491,31,0,0.824725092,3000.0,10,0,2,0,1.0
0,0.9999999,29,0,0.187568157,2750.0,3,0,0,1,0.0
0,0.593556582,67,0,1.389229281,3100.0,15,0,1,0,0.0
0,0.0,52,1,1.232418525,2331.0,11,0,1,0,2.0
0,0.031225135,80,0,42.0,0.0,3,0,0,0,0.0
0,0.003555358,70,0,0.18566124,3500.0,13,0,1,0,1.0
0,0.090396987,59,0,0.007231497,11200.0,4,0,0,0,1.0
0,1.004559804,27,2,0.424959656,1858.0,6,3,0,0,2.0
1,0.9999999,44,98,0.0,6283.0,1,98,0,98,2.0
0,0.290284674,68,0,0.230471191,8000.0,10,0,1,0,1.0
0,0.063819386,63,0,0.212329321,24753.0,8,0,3,0,1.0
0,0.082579622,59,0,0.292766472,4962.0,9,0,2,0,1.0
0,0.069426092,59,0,0.004071138,14000.0,5,0,0,0,0.0
0,0.395691501,54,0,0.314834025,5783.0,11,0,2,0,3.0
0,0.415485713,78,0,0.432737915,9908.0,15,0,2,0,1.0
0,0.9999999,32,0,0.0,2430.0,4,0,0,0,0.0
0,0.210411966,32,0,0.953139644,3200.0,20,0,2,0,1.0
0,0.060994917,28,1,21.0,,4,0,0,0,0.0
0,0.55126498,34,1,0.316980415,5258.0,4,0,1,0,2.0
1,1.465534466,29,1,136.0,0.0,1,3,0,0,0.0
0,0.013969903,71,0,3.583143508,3950.0,6,0,0,0,0.0
0,0.580652933,25,0,193.0,0.0,4,0,0,0,1.0
1,0.824701195,33,3,0.118051084,4658.0,4,0,0,0,2.0
0,0.054698878,61,0,0.370301796,5400.0,10,0,2,0,0.0
1,0.999946817,41,3,0.504279658,12500.0,6,3,1,1,0.0
1,0.229267145,58,0,4484.0,,11,0,2,0,0.0
0,0.118811275,57,0,0.117432215,16153.0,8,0,1,0,1.0
0,0.508834476,62,0,1124.0,,5,0,2,0,
0,0.012075016,84,0,9.0,,5,0,0,0,0.0
0,0.719051238,65,0,0.858636611,7363.0,7,0,3,0,0.0
0,0.9999999,58,2,0.303657829,5166.0,2,0,1,0,0.0
0,0.678796,69,0,0.13212609,1490.0,2,0,0,0,0.0
0,0.322490335,50,0,71.0,,2,0,0,0,0.0
0,0.058575711,76,0,0.162643258,4100.0,7,0,0,0,0.0
1,0.815478832,50,2,0.567056446,6926.0,13,0,1,0,2.0
0,0.020996389,54,0,546.0,0.0,13,0,1,0,0.0
0,0.080778217,53,2,0.510051036,9600.0,15,0,2,0,3.0
0,0.9999999,32,0,0.138287238,3000.0,1,1,0,1,0.0
0,0.074626866,39,0,0.316995128,13750.0,10,0,1,0,0.0
0,0.105268024,73,0,1792.0,,13,0,2,0,0.0
0,0.366329209,31,1,0.208705357,3583.0,6,0,0,0,0.0
0,0.061397544,47,0,0.309738994,39500.0,9,0,4,1,3.0
1,0.9999999,31,0,0.193241314,2100.0,1,1,0,0,1.0
0,0.27089097,47,0,0.51845108,8237.0,9,0,2,0,0.0
0,0.125823247,52,0,0.180296811,9500.0,4,0,1,0,2.0
0,0.105192983,36,0,2521.0,,15,0,2,0,0.0
0,0.31507397,32,0,0.030992252,4000.0,1,0,0,0,1.0
0,0.00605649,67,0,1613.0,,5,0,1,0,0.0
0,0.967650376,60,0,4411.0,,15,0,2,0,0.0
0,0.760035816,33,1,0.3860025,5600.0,5,0,1,0,0.0
0,0.001513929,52,0,0.192380624,5800.0,6,0,1,0,0.0
0,0.017119956,64,0,0.095854161,3400.0,7,0,1,0,0.0
0,0.392974254,50,0,0.861753785,3500.0,7,0,2,0,2.0
0,0.676760101,57,0,1.610744581,3182.0,18,0,2,0,1.0
0,0.129572536,77,0,0.012429073,3700.0,6,0,0,0,0.0
0,0.83830539,39,0,0.433721052,9542.0,4,0,1,0,2.0
0,0.014152748,61,0,3513.0,,18,0,2,0,1.0
0,0.026505308,73,0,0.198739899,7300.0,15,0,1,0,0.0
0,0.033499163,83,0,0.001844116,26570.0,5,0,0,0,0.0
0,0.52173913,70,0,0.296778191,1613.0,8,0,0,0,0.0
1,0.528959508,66,0,0.731411726,3052.0,9,1,2,2,1.0
0,0.471397249,29,0,0.336665892,4300.0,6,0,1,0,2.0
0,0.01297608,64,0,0.019556714,2300.0,10,0,0,0,0.0
0,0.618858478,57,0,0.372451409,23100.0,18,0,3,0,0.0
0,0.623706351,44,0,1497.0,,16,0,0,0,0.0
0,0.454223107,31,0,0.32651834,4988.0,9,0,0,0,2.0
0,0.278538908,55,0,1.008883953,1800.0,8,0,2,0,0.0
0,0.094986069,33,0,0.578018357,8497.0,14,0,4,0,2.0
0,0.111897127,41,0,1.539292142,5000.0,13,0,9,0,0.0
0,0.100649892,49,0,217.0,,4,0,0,0,0.0
0,0.095695011,38,0,0.141085891,10000.0,7,0,1,0,1.0
1,0.916966178,35,1,0.356214595,3000.0,14,0,0,0,0.0
0,0.030839383,67,0,1124.0,,5,0,1,0,0.0
0,0.044475641,49,0,0.310344828,13600.0,12,0,2,0,3.0
0,0.0,45,0,0.209219154,5032.0,3,0,1,0,2.0
0,0.058667092,48,0,0.909446104,4350.0,9,0,3,0,0.0
0,0.03763657,41,0,0.297883392,7700.0,5,0,1,0,0.0
0,0.06269104,56,0,0.379155211,4000.0,11,0,1,0,1.0
0,0.897525677,27,1,0.24037981,2000.0,7,0,0,0,0.0
0,0.140036594,45,2,0.028564206,3955.0,7,0,0,1,1.0
0,0.134396098,61,0,0.357436059,9500.0,16,0,2,0,0.0
0,0.020614988,64,0,0.596616035,5200.0,10,0,1,0,1.0
0,0.023198453,63,0,0.004997501,2000.0,1,0,0,0,0.0
0,0.999862939,59,6,0.570810691,9016.0,8,0,2,1,1.0
0,0.9999999,57,0,0.591136288,3000.0,5,1,1,0,0.0
0,0.014574309,87,0,0.006242197,1601.0,3,0,0,0,0.0
0,0.0,55,0,3.640718563,500.0,11,0,2,0,0.0
0,0.628055443,59,0,0.815453029,7195.0,22,0,2,0,3.0
0,0.751531212,43,0,0.546545212,4500.0,9,0,1,0,3.0
0,0.534244779,37,0,0.225618945,4644.0,5,0,0,0,0.0
0,0.010731192,55,0,1.878276322,2250.0,17,0,1,0,0.0
1,1.053406239,39,0,0.312601088,6800.0,20,0,1,0,2.0
1,0.515846562,42,0,2.270260747,2837.0,4,0,2,0,2.0
0,0.038768825,49,0,0.018041237,3879.0,11,0,0,0,0.0
0,0.013777268,70,0,0.233933162,3500.0,6,0,1,0,0.0
0,0.01585557,64,0,0.112411607,4100.0,10,0,1,0,0.0
0,0.079627388,58,0,0.244452909,10500.0,5,0,1,0,0.0
0,0.0,45,0,0.0,3100.0,5,0,0,0,2.0
0,0.005153648,41,0,4.0,,2,0,0,0,0.0
0,0.018821684,60,0,0.968939664,2800.0,4,0,1,0,0.0
0,0.179692987,32,0,0.209172739,2332.0,5,0,0,0,1.0
0,0.01567369,33,0,10.0,,1,0,0,0,0.0
0,0.01253814,59,0,0.001999714,7000.0,2,0,0,0,0.0
0,1.00313917,29,1,2.568862275,500.0,12,0,0,1,0.0
0,0.033511799,85,0,0.229636202,5634.0,11,0,1,0,0.0
0,0.045356063,67,0,0.013410818,4473.0,4,0,0,0,0.0
0,0.357314281,40,0,0.173360447,5900.0,5,0,0,0,2.0
0,0.112818331,58,0,0.720819795,4000.0,16,0,2,0,0.0
0,0.9999999,46,0,6311.0,,3,1,2,0,0.0
0,0.483402128,60,1,0.781801963,5604.0,28,0,2,0,2.0
0,0.015160801,68,0,14.0,,7,0,0,0,0.0
0,0.272413884,48,0,0.288881271,8750.0,7,0,1,0,3.0
1,0.932919323,41,0,0.638117542,8966.0,10,0,2,0,2.0
0,0.080799975,67,0,3584.0,,6,0,3,0,0.0
0,0.101431411,68,0,0.317276273,9486.0,12,0,2,0,0.0
0,0.034102075,49,0,0.225745629,5833.0,6,0,2,0,2.0
0,0.162396956,48,0,0.601844735,1300.0,11,0,0,0,0.0
0,0.677041921,67,0,4778.0,,13,0,2,0,0.0
0,0.216130645,72,0,0.262915011,7800.0,3,0,1,0,0.0
0,0.284070544,31,0,0.430946792,5111.0,8,0,2,0,2.0
1,0.9999999,32,0,280.0,,1,1,0,0,1.0
0,0.165242996,39,0,0.209930023,3000.0,12,0,0,0,0.0
0,0.020361295,64,0,0.08885116,5300.0,9,0,1,0,0.0
0,0.184794314,54,1,0.253646426,9666.0,7,0,1,0,2.0
0,0.003826123,81,1,0.178688759,7000.0,18,0,2,0,0.0
0,0.036737409,60,0,3867.0,,15,0,2,0,3.0
0,9.93e-06,40,0,0.192089768,9000.0,10,0,1,0,4.0
0,0.0270025,74,0,0.253725918,5501.0,29,0,2,0,1.0
0,0.0,86,0,0.052792321,4583.0,12,0,1,0,0.0
0,0.697455952,78,0,0.325604341,6080.0,7,0,0,0,0.0
0,0.060758566,38,0,0.40166277,3848.0,14,0,2,0,2.0
0,0.0,46,0,0.0,4833.0,1,1,0,0,1.0
0,0.527629502,49,2,0.455886158,3864.0,10,0,2,0,2.0
0,0.022047269,64,0,0.179836134,7200.0,6,0,1,0,1.0
0,0.093156984,68,1,0.408066429,5900.0,40,0,2,0,0.0
0,0.649724178,62,0,7656.0,,21,0,2,0,0.0
0,0.00448263,68,1,0.211714891,2833.0,15,0,1,0,0.0
0,0.009999662,82,0,0.002352249,3400.0,5,0,0,0,0.0
0,0.223388306,25,0,735.0,,1,0,0,0,0.0
0,0.86633227,46,1,9741.0,,16,0,6,0,0.0
0,0.151491444,31,0,0.25901242,3300.0,9,0,0,0,0.0
0,0.478835045,51,0,0.281414287,9700.0,13,0,1,0,0.0
0,0.082047075,45,0,1164.0,,5,0,2,0,0.0
0,0.26474443,62,0,0.110762415,5416.0,9,0,0,1,1.0
0,0.052695214,84,0,0.005997601,2500.0,4,0,0,0,0.0
0,0.044669511,48,0,0.161992684,17222.0,5,0,1,0,1.0
0,0.0,47,0,0.239347793,6500.0,3,0,1,0,3.0
0,0.841451032,31,0,0.297610501,9750.0,10,0,2,0,0.0
0,0.298283619,30,0,0.728965004,2685.0,6,0,1,0,2.0
0,0.9999999,43,2,1569.0,,2,0,1,0,0.0
0,0.9999999,24,0,41.0,,0,3,0,0,0.0
1,0.9999999,46,0,0.0,3855.0,0,0,0,0,1.0
0,0.005656632,61,0,0.437920378,5500.0,15,0,1,0,0.0
0,0.579015712,44,0,0.145713187,2600.0,3,0,0,0,2.0
0,0.011070699,70,2,0.097119733,4200.0,7,0,0,0,0.0
0,0.131947936,71,0,0.071845845,11468.0,4,0,1,0,1.0
0,0.00293521,49,0,0.440889778,4000.0,15,0,1,0,2.0
0,0.057592874,58,0,0.254468191,8000.0,13,0,2,0,0.0
0,0.0,30,0,0.298705399,9500.0,8,0,1,0,0.0
0,0.003492955,48,0,0.382723455,5000.0,6,0,1,0,3.0
0,0.0,50,0,0.189841354,7500.0,7,0,2,0,2.0
0,0.580975929,42,1,0.028673181,10950.0,3,1,0,0,0.0
0,0.029474897,63,1,1845.0,,11,0,1,0,0.0
0,0.155132582,62,0,0.389287913,4872.0,7,0,1,0,0.0
0,0.013874133,74,0,6.0,,3,0,0,0,0.0
0,0.9999999,29,1,0.130929791,3161.0,3,0,0,0,0.0
0,0.008719302,35,3,0.032468678,17000.0,4,0,0,2,2.0
0,0.114987053,62,0,1841.0,,5,0,1,0,2.0
0,0.229988558,37,0,0.201399009,10292.0,5,0,2,0,3.0
0,0.548897496,52,0,2657.0,,11,4,1,0,1.0
0,0.020462199,65,0,0.011536687,6500.0,6,0,0,0,0.0
0,0.791520848,49,0,0.829931973,1910.0,6,1,1,0,0.0
0,0.0,51,0,0.689243028,3011.0,6,0,1,0,1.0
0,0.055184508,75,0,0.054811206,6567.0,4,0,0,0,0.0
1,0.199755828,56,1,0.522944116,2200.0,10,0,1,0,0.0
0,0.126376287,41,0,0.295079751,7397.0,12,0,1,0,4.0
0,0.54798299,51,0,0.410307898,2987.0,6,0,2,0,0.0
1,0.9999999,52,0,0.504023409,4100.0,1,0,1,1,5.0
0,0.448197322,35,0,0.176588217,6500.0,4,0,1,0,0.0
0,0.021344613,55,0,0.114728881,7800.0,15,0,1,0,0.0
0,0.933832344,75,0,1386.0,,9,0,0,1,0.0
0,0.0,30,0,0.396736597,2144.0,7,0,0,0,0.0
0,0.004168656,44,0,0.295207292,3400.0,9,0,1,0,0.0
0,0.832104651,47,0,0.754365541,11166.0,18,0,3,0,2.0
0,0.661508021,45,2,0.730763078,6250.0,9,0,2,0,3.0
0,0.334955501,38,0,0.013705614,51000.0,3,0,0,0,0.0
0,0.023533789,26,0,0.112823772,6292.0,7,0,0,0,0.0
0,0.363854538,69,0,0.250299976,4166.0,5,0,2,0,0.0
0,0.734149811,65,0,1.980261648,4356.0,21,0,5,0,0.0
0,0.822400231,63,0,0.515793683,2500.0,12,0,0,0,0.0
0,0.220620891,41,0,0.89044141,3148.0,11,0,1,0,2.0
0,0.080525841,65,1,0.119020408,12249.0,13,0,1,0,0.0
0,0.9999999,36,0,0.036091061,1800.0,2,0,0,0,0.0
0,0.543800604,59,0,0.669475789,7000.0,16,0,1,0,2.0
0,0.025113568,47,1,0.218330537,4767.0,6,0,0,0,0.0
1,0.416342838,47,4,5245.0,,18,0,2,0,2.0
0,0.009084374,48,0,1861.0,,5,0,1,0,0.0
0,0.065089125,74,0,0.144088245,2900.0,4,0,0,0,1.0
0,0.138861139,24,0,0.004592423,870.0,1,0,0,0,0.0
0,0.100302065,67,0,0.22762179,8333.0,9,1,1,0,1.0
0,0.939825669,55,0,0.363686841,1800.0,9,0,0,0,0.0
0,0.0,38,0,0.19973545,3779.0,4,0,1,0,0.0
0,0.022900763,54,0,0.434313137,5000.0,14,0,1,0,0.0
1,0.9999999,30,1,0.146083614,2080.0,1,0,0,0,0.0
1,0.974184165,55,1,0.565207732,4500.0,7,0,2,0,0.0
0,0.246415814,35,1,0.323671498,6416.0,19,0,1,0,0.0
0,0.225986699,46,0,0.31437866,7684.0,19,0,2,0,1.0
1,0.9999999,44,3,2826.0,,8,3,1,1,0.0
0,0.299113392,77,0,0.043705153,3065.0,3,0,0,0,0.0
0,0.18473036,45,0,2433.0,0.0,4,0,1,0,1.0
0,0.229786374,53,0,1805.0,,4,0,1,0,
0,0.007709777,42,0,0.00279944,5000.0,12,0,0,0,0.0
0,0.064793409,75,0,0.322903188,8500.0,15,0,3,0,1.0
0,0.194872479,46,0,0.308016495,22066.0,21,0,4,0,5.0
0,0.9999999,29,0,0.000514536,3886.0,1,0,0,0,0.0
0,0.083776927,39,1,2556.0,,6,0,2,0,0.0
0,0.0,43,0,0.256885738,11000.0,6,0,1,0,2.0
0,0.43387723,62,0,0.933030178,2418.0,19,0,1,0,0.0
0,0.045155938,49,0,0.179831453,7000.0,12,0,1,0,0.0
0,0.841932645,38,0,0.286166508,3158.0,6,0,0,0,4.0
0,0.9999999,29,0,0.314841849,2054.0,2,0,1,0,0.0
0,0.061434649,63,0,0.120413757,11310.0,6,0,1,0,0.0
0,0.103332571,48,0,0.262873713,10000.0,16,0,2,0,0.0
0,0.634209221,55,0,0.44848638,23750.0,22,0,2,0,0.0
0,0.126181463,35,0,0.574211741,3900.0,18,0,2,0,3.0
0,0.931353123,54,0,0.361642557,15000.0,10,0,2,0,3.0
1,0.908366534,35,2,0.23431427,1800.0,3,1,0,1,0.0
0,0.150110375,31,0,0.44955045,1000.0,4,0,0,0,0.0
0,0.02331308,79,0,0.032193561,5000.0,18,0,1,0,0.0
0,0.853937169,32,0,0.140345982,3583.0,7,0,0,0,0.0
0,0.04357791,51,0,40.0,,4,0,0,0,
0,0.159339833,71,0,1689.0,,13,0,1,0,0.0
0,0.124862505,61,0,0.298978232,2250.0,8,0,0,0,0.0
0,0.374729054,47,0,0.332741004,2250.0,12,0,0,0,1.0
0,0.373507311,32,0,0.155136268,6200.0,10,0,0,0,0.0
0,0.007095529,73,1,0.806835742,11000.0,12,0,5,0,0.0
0,0.467135209,69,0,1.018296341,3333.0,7,0,2,0,2.0
0,0.9999999,81,0,0.0,,4,0,0,0,0.0
0,0.402905917,66,1,0.922380336,1545.0,10,0,1,0,0.0
0,0.365217052,53,0,7.721393035,200.0,11,0,1,0,0.0
0,0.082583377,64,1,1.088590141,2900.0,14,0,2,0,1.0
0,0.0,55,1,0.431928012,6000.0,13,0,2,0,0.0
0,0.044789163,41,0,1837.0,,4,0,1,0,0.0
0,0.0023529,72,0,1606.0,,5,0,2,0,
0,0.012023807,46,0,2713.0,,8,0,1,0,0.0
0,0.000745083,46,0,1887.0,,8,0,1,0,1.0
1,0.980464544,50,2,0.843156357,2052.0,7,0,1,0,2.0
0,0.275709721,61,0,1867.0,,16,0,1,0,1.0
0,0.049801924,48,0,256.0,,3,0,0,0,0.0
0,0.054413434,51,0,0.302450487,5957.0,9,0,1,0,0.0
0,0.271713539,54,1,0.532596176,4340.0,14,0,2,0,2.0
0,1.003765745,59,2,0.461815798,3050.0,10,0,1,0,0.0
1,1.005564621,46,3,1.291727141,2066.0,10,0,1,0,1.0
0,0.031100771,76,0,0.062787443,5000.0,3,0,1,0,0.0
0,0.006214064,46,0,0.214078592,10000.0,9,0,2,0,2.0
0,0.022935278,68,0,0.06163522,5564.0,5,0,0,0,1.0
0,0.044298893,67,0,0.138716618,7900.0,5,0,1,0,0.0
0,0.001692359,36,0,0.657159659,3400.0,13,0,1,0,0.0
0,0.028142589,67,0,0.057323779,6000.0,9,0,0,0,0.0
0,0.003999886,48,0,4371.0,,10,0,4,0,0.0
0,0.005387221,54,0,2898.0,,7,0,1,0,0.0
0,0.467713366,56,0,0.285045019,13660.0,15,0,2,0,1.0
0,0.9999999,38,0,0.379775853,3925.0,3,0,1,0,1.0
0,0.071795214,42,0,1586.0,,4,0,2,0,
0,0.890882736,61,1,0.668197634,7184.0,11,0,2,0,1.0
0,0.271744725,69,0,2330.0,,10,0,1,0,0.0
0,0.355681364,47,0,0.380592232,7800.0,7,0,2,0,0.0
0,1.01754386,26,0,0.067310896,3000.0,6,0,0,0,0.0
0,0.9999999,27,1,89.0,,1,0,0,1,0.0
0,0.220750629,63,0,0.507904337,7400.0,12,0,2,0,0.0
0,0.027080013,64,0,0.469283897,2750.0,10,0,2,0,0.0
1,0.0,31,0,0.730945439,2400.0,8,0,1,0,0.0
0,0.018427035,51,0,1686.0,,6,0,2,0,0.0
0,0.001935421,86,0,0.000488759,2045.0,1,0,0,0,0.0
0,0.757976768,55,2,0.31953587,8962.0,10,1,2,3,1.0
0,0.034269035,62,0,0.186349128,8145.0,9,0,1,0,0.0
0,0.01424155,73,0,0.171049137,7529.0,13,0,0,0,0.0
0,0.0,66,0,0.332365747,6200.0,4,0,1,0,0.0
0,0.008483259,47,0,0.003997716,1750.0,8,0,0,0,0.0
0,0.012132399,60,0,20.0,,9,0,0,0,0.0
0,0.001148571,59,0,3024.0,,6,0,2,0,2.0
0,0.468569267,53,0,0.315447425,6000.0,6,0,1,0,0.0
0,0.0,43,0,0.808533917,2741.0,5,0,2,0,0.0
0,0.416292115,70,1,3309.0,,6,0,1,1,0.0
0,0.0,53,0,0.751179245,2543.0,7,0,1,0,0.0
0,0.118494075,48,0,5802.0,,5,0,2,0,0.0
0,0.028025649,72,0,0.145941623,5001.0,6,0,0,0,0.0
0,0.014310431,56,0,13.0,,2,0,0,0,0.0
0,0.248979252,74,2,0.230699305,15400.0,8,0,2,0,1.0
0,0.09935908,40,0,0.265363128,7875.0,5,0,2,0,2.0
0,0.035988004,42,0,0.090311987,7916.0,3,0,1,0,0.0
0,0.0,47,0,0.317336533,5000.0,4,1,2,0,0.0
0,1.03240262,36,1,0.489727078,3260.0,9,0,1,0,0.0
0,1.003069906,60,0,0.113962013,3000.0,4,0,0,0,1.0
0,0.623825078,53,0,0.391617341,6250.0,6,0,2,0,2.0
0,0.008867272,58,0,0.256641604,5984.0,10,0,1,0,1.0
0,0.030903579,70,0,1017.0,,3,0,1,0,0.0
0,0.018324672,46,0,1131.0,,7,0,0,0,0.0
0,0.138531842,70,0,0.030067758,7083.0,7,0,0,0,0.0
1,0.9999999,43,0,0.407647548,6014.0,2,5,1,1,1.0
0,0.9999999,32,0,0.177955511,4000.0,1,2,0,0,0.0
0,0.127335266,42,0,0.478738851,4820.0,10,0,1,0,1.0
0,0.802586207,46,2,0.56110932,3100.0,12,4,1,0,1.0
0,0.014917816,40,2,2577.0,,17,0,1,0,1.0
0,0.04219578,57,0,1786.0,,10,0,2,0,0.0
0,0.114307453,41,1,0.158811768,3500.0,7,0,0,0,2.0
0,0.676230053,52,0,0.368391816,10800.0,10,0,1,0,3.0
0,0.582834331,23,0,8.0,0.0,1,0,0,0,0.0
0,0.0,51,0,29.0,,7,0,0,0,0.0
0,0.05608208,61,0,0.214990138,6083.0,3,0,1,0,0.0
0,0.0,67,0,0.126619948,10416.0,6,0,2,0,0.0
0,0.180672773,51,0,0.334490239,6914.0,13,0,1,0,2.0
0,0.485138854,66,0,4097.0,,9,0,2,0,0.0
0,0.9999999,42,1,91.0,,0,0,0,0,0.0
0,0.057130076,59,0,0.207258835,3140.0,3,0,0,0,0.0
0,0.411273254,40,0,0.317621853,5600.0,9,0,1,0,0.0
0,0.546484796,60,1,0.763909774,1329.0,8,0,0,0,1.0
0,0.120714767,49,0,0.187866253,2900.0,4,0,0,0,0.0
0,0.012187077,70,0,10.0,,5,0,0,0,0.0
1,1.026378897,23,0,0.280266568,2700.0,5,0,0,0,1.0
0,0.000816878,56,0,0.0,,5,0,0,0,0.0
0,0.208063355,38,0,0.371925615,5000.0,10,0,0,0,0.0
0,0.571362412,78,0,2288.0,,11,0,1,0,0.0
0,0.343392078,45,0,1.305414013,3139.0,17,0,2,0,0.0
0,0.079994667,47,0,0.001433286,30000.0,4,0,0,0,0.0
1,1.482758621,36,1,38.0,,4,0,0,0,0.0
0,0.229887021,62,0,0.449318835,8000.0,13,0,2,0,0.0
0,0.184154176,63,0,0.01165681,11666.0,5,0,0,0,1.0
0,0.030186211,52,0,0.26607659,5535.0,8,0,2,0,1.0
0,0.9999999,34,2,0.159935812,3738.0,3,2,0,1,2.0
0,0.003217298,60,0,0.000533191,3750.0,4,0,0,0,0.0
0,0.9999999,39,2,0.453234358,4714.0,5,0,1,0,3.0
0,0.922274472,50,1,0.674091844,2917.0,15,0,0,0,3.0
0,0.022735752,55,0,0.245229008,5239.0,23,0,0,0,1.0
0,0.696383936,31,0,1.019973369,2252.0,6,0,1,0,1.0
0,0.434381861,54,0,0.485755849,8248.0,9,0,1,0,2.0
0,0.100863305,47,1,0.458880728,9666.0,11,0,2,0,2.0
0,0.351399526,62,0,0.167949251,9615.0,7,0,1,0,0.0
0,0.327334083,35,0,0.236816588,13406.0,6,0,1,0,0.0
0,0.011572498,33,0,0.178455386,4000.0,5,0,1,0,0.0
0,0.28944254,63,0,0.287976002,12000.0,22,0,2,0,0.0
0,0.896237172,51,1,0.38355456,5800.0,11,0,1,0,0.0
0,0.070735601,65,0,0.239736502,8500.0,7,0,1,0,0.0
0,1.210526316,23,1,19.0,,3,0,0,0,0.0
0,0.09989678,72,0,0.320757232,7500.0,16,0,1,0,0.0
0,0.0,53,0,0.0,2600.0,4,0,0,0,0.0
0,0.010200492,42,0,1142.0,,3,0,1,0,
0,0.029540349,86,0,36.0,,4,0,0,0,
0,0.14203046,64,0,0.142474558,5600.0,7,0,0,0,1.0
0,0.005931714,39,0,2010.0,,15,0,1,0,0.0
0,0.9999999,50,0,0.496325119,4625.0,4,0,1,0,1.0
0,0.120369985,67,0,0.386209814,2363.0,12,0,1,0,2.0
0,0.167504459,49,0,0.447710458,5000.0,8,0,2,0,1.0
0,0.250916189,48,0,0.206948263,4000.0,7,0,0,0,1.0
0,0.601036131,37,0,0.690267292,4900.0,12,0,1,0,2.0
0,0.046594982,23,0,238.0,0.0,5,0,0,0,0.0
0,0.32404361,29,0,0.377081945,1500.0,7,0,0,0,0.0
0,0.254523092,50,0,2.0921587,3200.0,10,0,2,0,0.0
1,0.517045364,61,0,0.572590321,7500.0,20,0,2,0,0.0
0,0.176845406,56,0,0.282535075,6200.0,8,0,1,0,3.0
0,0.031197918,78,0,0.007109531,4500.0,4,0,0,0,0.0
0,0.002367408,40,0,0.585828343,1001.0,12,0,0,0,0.0
0,0.279274844,44,0,0.387440837,15000.0,10,0,3,0,2.0
0,0.013899537,61,0,0.40226036,7166.0,11,0,2,0,0.0
0,0.029174754,92,0,373.0,,5,0,0,0,0.0
0,0.573000565,39,0,0.308076822,3800.0,10,0,0,0,2.0
0,0.294539192,45,0,0.414577597,6900.0,4,0,1,0,0.0
0,0.038324224,39,0,0.183918259,2250.0,4,0,0,0,1.0
0,0.024125537,65,0,0.379046143,11615.0,10,0,3,0,1.0
0,0.069751696,79,0,1051.0,,13,0,2,0,0.0
0,0.112844358,45,0,0.341184313,9000.0,10,0,1,0,3.0
0,0.80693038,59,0,0.280898876,9166.0,7,0,1,0,0.0
0,0.015053998,61,0,1.295481807,2500.0,11,0,2,0,0.0
0,1.279069767,25,1,0.178555202,2200.0,3,0,0,0,0.0
0,0.0,57,0,0.18612192,10793.0,6,0,1,0,0.0
0,0.204595135,32,0,0.509460907,2800.0,4,0,2,0,0.0
0,0.212398967,39,0,0.472018445,9541.0,10,0,4,0,0.0
0,0.9999999,40,0,0.255785478,16333.0,2,0,1,0,2.0
0,0.00076746,61,0,0.221385719,8500.0,10,0,1,0,1.0
0,0.01571864,49,0,1797.0,,5,0,1,0,
0,0.09302962,40,0,0.306836645,8000.0,8,0,1,0,2.0
0,0.185131889,50,0,0.196276368,21000.0,11,0,2,0,2.0
1,1.020549641,33,1,0.940019349,3100.0,15,3,1,1,2.0
0,0.039261762,76,0,0.358843931,4324.0,12,0,1,0,1.0
0,0.15499019,41,0,1.096129838,800.0,4,0,1,0,3.0
0,0.909963876,63,0,0.530608665,5700.0,9,0,2,0,1.0
0,0.338418217,47,0,0.258904395,4800.0,12,0,1,0,0.0
0,0.058313735,41,0,0.024661186,4500.0,13,0,0,0,3.0
0,0.389445482,50,0,0.57543717,4917.0,8,0,2,0,1.0
0,0.155520125,48,0,0.234047535,8540.0,4,0,1,0,2.0
0,0.021184332,60,0,0.715350224,1341.0,6,0,1,0,0.0
0,0.66941891,54,0,0.333422217,18750.0,10,0,2,0,0.0
0,0.0,75,0,3396.0,,11,0,4,0,0.0
0,0.499385732,40,0,0.392542054,8500.0,8,0,1,0,2.0
0,0.000848459,97,0,0.000431593,2316.0,5,0,0,0,0.0
0,0.49360742,53,0,0.722625434,9506.0,7,0,3,0,1.0
0,0.222187229,28,0,0.019021739,4415.0,3,0,0,0,0.0
0,0.024447246,81,0,1187.0,0.0,12,0,1,0,1.0
0,0.9999999,61,0,5.0,,1,0,0,1,0.0
0,0.349606151,56,2,0.456708658,5000.0,11,0,1,0,0.0
0,0.763242561,63,0,26668.0,,17,0,7,0,2.0
0,0.592673494,44,0,0.542387437,8150.0,14,0,2,1,2.0
0,0.106363403,56,0,0.332581067,8418.0,10,0,4,0,0.0
0,0.032407777,43,0,2789.0,,14,0,2,0,0.0
0,0.503328434,46,0,0.581633996,7600.0,11,0,2,0,1.0
0,0.015816744,69,0,0.598343685,2414.0,10,0,1,0,0.0
0,0.566455392,51,0,0.979345199,4550.0,14,0,2,0,3.0
0,0.729023722,31,0,0.815818707,4500.0,9,0,2,0,0.0
0,0.056448053,62,0,1716.0,,11,0,2,0,0.0
0,0.603387213,56,0,0.136330072,10833.0,6,0,0,0,0.0
0,0.350073754,63,0,0.121251209,3100.0,5,0,0,0,0.0
0,0.250020236,48,0,0.181818182,6500.0,12,0,0,0,1.0
0,0.001923849,74,0,2.0,,3,0,0,0,0.0
0,0.70718739,53,0,3365.0,,11,0,2,0,0.0
0,0.073980841,35,0,0.354329134,5000.0,5,0,1,0,3.0
0,0.22576166,56,1,0.350464116,8833.0,27,0,2,1,1.0
0,0.000545435,74,0,0.221796866,8358.0,9,0,2,0,0.0
0,0.138290912,43,0,1.056401074,3350.0,19,0,2,0,2.0
0,0.012091038,45,0,0.00459908,5000.0,6,0,0,0,0.0
0,0.682045422,46,0,0.345700955,4500.0,10,0,0,0,0.0
0,0.017954035,43,0,2592.0,,9,0,2,0,4.0
0,0.370555219,51,0,2761.0,,12,0,2,0,2.0
0,0.195272286,64,0,204.0,,2,0,0,0,0.0
0,0.125153167,49,1,0.762314803,7896.0,9,0,2,0,2.0
0,0.0,78,0,0.188823795,2218.0,7,0,0,0,0.0
0,0.044529858,66,0,0.16507177,4597.0,6,0,2,1,0.0
0,0.839949467,41,0,0.288446746,19500.0,18,0,2,0,2.0
0,0.049041897,73,0,0.159297934,4500.0,10,0,0,0,1.0
0,0.010212456,52,0,0.311937612,5000.0,9,0,1,0,1.0
0,0.004703116,46,0,0.65765599,5400.0,11,0,2,0,0.0
0,0.9999999,57,1,0.298092946,5400.0,4,1,1,1,0.0
0,0.039878317,29,0,0.026086957,1494.0,3,0,0,0,0.0
0,0.510658322,60,0,0.28038746,9600.0,6,0,2,0,1.0
0,0.039999036,48,0,2212.0,,10,0,2,0,0.0
0,0.02186774,52,0,0.238811804,5116.0,9,0,2,0,2.0
0,0.964452344,38,0,0.504557483,3400.0,5,0,2,0,2.0
0,0.072246388,54,0,0.005118438,8400.0,3,0,0,0,3.0
0,0.076710146,62,2,0.253944889,16983.0,19,0,1,0,1.0
0,0.67929059,47,0,0.153127015,6203.0,16,0,0,0,2.0
0,0.183609788,62,0,0.241270892,6042.0,12,0,1,0,0.0
0,0.762843489,71,0,1501.0,,6,0,1,0,0.0
0,0.705976718,63,0,0.212932941,33000.0,12,0,2,0,1.0
0,0.857944153,61,0,0.224030842,4668.0,20,0,0,0,0.0
0,0.166515599,41,0,1853.0,1.0,3,0,1,1,0.0
0,0.0,62,0,2745.0,,9,0,2,0,0.0
0,0.105605805,87,0,0.355961332,4654.0,14,0,1,0,1.0
0,0.456725318,56,0,0.359234174,18750.0,22,0,1,0,1.0
0,0.660258196,59,4,2311.0,,7,0,0,0,0.0
0,0.98474006,40,0,0.252803262,4904.0,9,0,0,0,3.0
0,0.071339287,40,0,0.435327726,6300.0,15,0,2,0,0.0
0,0.49123345,51,1,5481.0,,11,0,3,0,0.0
0,0.174031174,40,0,0.246820998,9200.0,13,0,2,0,1.0
0,0.028877913,66,0,0.138260255,8483.0,4,0,1,0,0.0
0,0.14640114,66,0,2735.0,,16,0,1,0,0.0
0,0.081876725,56,0,0.00487961,12500.0,1,0,0,0,0.0
0,0.374288149,54,3,0.373044783,4666.0,10,0,2,0,1.0
1,0.799112098,63,0,0.010024301,3291.0,3,2,0,0,0.0
0,0.0,32,0,0.148141976,6000.0,11,0,0,0,0.0
0,0.206482964,45,0,0.463670127,10500.0,12,0,2,0,1.0
0,0.0,31,0,835.0,0.0,3,0,1,0,3.0
0,0.692262534,58,0,530.0,,3,0,0,0,2.0
0,0.353357583,40,0,0.691030897,10000.0,10,0,4,0,6.0
0,0.464316423,46,0,4340.0,,13,0,3,0,2.0
0,0.630360371,77,1,0.41027599,9166.0,12,0,2,0,0.0
0,0.207560257,37,0,0.154584542,10000.0,4,0,1,0,3.0
0,0.293511106,53,1,4386.0,,9,0,1,0,0.0
0,0.000482071,58,0,15.0,,5,0,1,0,0.0
0,1.071071627,29,0,0.621126291,3000.0,8,1,0,2,0.0
0,0.04093794,46,0,0.273280802,5583.0,7,0,2,0,0.0
0,0.063913318,73,0,0.019135877,8308.0,11,0,0,0,0.0
1,0.865379072,42,0,0.453649479,7000.0,10,0,1,0,1.0
0,0.0,49,1,0.0,2080.0,4,0,0,0,0.0
1,0.876650321,25,0,0.025081788,2750.0,2,0,0,1,0.0
0,0.702287049,72,0,0.264388489,6671.0,14,0,0,0,0.0
0,0.626974093,43,0,0.666476218,7000.0,7,0,2,0,3.0
0,0.00218162,26,0,2.112138728,864.0,5,0,1,0,0.0
0,0.042664081,36,0,0.220700152,7883.0,5,0,2,0,1.0
0,0.211378243,24,0,0.131028939,3731.0,7,0,0,0,0.0
0,0.488594463,27,0,0.325162839,5833.0,9,0,2,0,2.0
0,0.9999999,76,0,0.0,,1,0,0,0,0.0
0,0.342343352,59,0,0.48092613,4534.0,12,0,2,0,4.0
0,0.9999999,28,0,278.0,,6,0,0,0,
0,0.994632144,30,1,0.193654822,3939.0,5,0,0,0,0.0
0,0.011340772,36,0,1.785153462,1400.0,5,0,1,0,0.0
0,0.220754123,45,0,0.226034111,5100.0,6,0,0,0,3.0
0,0.057044903,37,0,0.714925888,2900.0,6,0,1,0,2.0
0,0.970205959,48,0,0.824867846,4350.0,6,0,2,0,1.0
0,0.067293271,41,0,0.266314913,3600.0,4,0,1,0,2.0
0,0.0,50,0,0.636600739,4600.0,4,0,1,0,1.0
0,0.956008798,61,2,1781.0,,5,0,1,0,0.0
0,0.565543446,62,0,1269.0,1.0,4,0,1,0,0.0
1,0.365023081,39,0,0.727171077,8048.0,21,0,2,0,2.0
0,0.1737964,48,0,106.0,,2,0,0,0,0.0
1,0.009932671,41,0,0.635672515,3419.0,8,0,1,0,2.0
0,0.1628679,42,0,1147.0,,8,0,1,0,2.0
0,0.222878935,47,0,0.425574743,9438.0,15,0,3,0,1.0
0,0.014045344,46,0,0.172542089,10750.0,6,0,1,0,0.0
0,0.0,58,0,0.630552892,3128.0,9,0,1,0,0.0
0,0.0,32,0,0.18512595,2500.0,9,0,0,0,0.0
0,0.0,70,0,13.0,,3,0,0,0,0.0
0,0.093869133,87,0,685.0,,5,0,1,0,0.0
0,0.293117075,36,0,1640.0,0.0,6,0,2,0,1.0
0,0.238032033,61,0,0.172566372,13333.0,8,0,2,0,0.0
0,0.211010509,53,0,0.270392749,6619.0,4,0,2,0,1.0
0,0.434500268,40,0,0.366204865,9166.0,9,0,1,0,0.0
0,0.131935773,64,0,0.272095716,2590.0,7,0,0,0,1.0
0,1.051974013,32,0,0.269115442,2667.0,7,0,0,0,0.0
0,0.018461065,50,3,0.173209302,5374.0,8,0,1,0,0.0
0,0.265008894,55,0,3256.0,,15,0,1,0,0.0
0,0.283880523,42,0,0.339665084,4000.0,7,0,1,0,1.0
0,0.1337797,38,0,0.363370628,9920.0,9,0,2,0,4.0
0,0.483516484,22,0,0.162335066,2500.0,3,0,0,0,0.0
0,0.09134034,38,0,3821.0,,7,0,1,0,2.0
0,0.050699962,41,0,0.484628843,4000.0,7,0,2,0,0.0
0,0.9999999,39,0,0.283444387,1950.0,4,0,0,0,0.0
0,0.008086839,79,0,0.013053168,3140.0,8,0,0,0,0.0
0,0.0,21,0,0.0,1000.0,2,0,0,0,0.0
0,0.141533018,53,0,0.168983102,10000.0,6,0,1,0,0.0
0,0.023751696,58,0,0.358955131,8000.0,14,0,2,0,1.0
0,0.028425298,47,0,26.0,,3,0,0,0,0.0
0,0.02076839,79,0,0.006234414,2405.0,2,0,0,0,0.0
0,0.158750797,46,0,0.1499388,6535.0,16,0,0,0,1.0
0,0.57030165,35,0,0.698365082,6666.0,5,0,2,0,0.0
0,0.716294329,34,0,0.189787758,3250.0,6,0,0,0,0.0
0,0.089527365,61,0,0.00949136,4108.0,3,0,0,0,0.0
0,0.883978758,65,1,0.379231538,7000.0,16,0,0,0,1.0
0,0.029820521,51,0,0.454531607,6564.0,19,0,2,0,0.0
0,0.0,62,0,0.0,0.0,1,0,0,0,0.0
0,0.129390018,55,0,2252.0,,7,0,2,0,0.0
0,0.093392956,54,0,1.883509834,1321.0,10,0,2,0,0.0
0,0.429074007,33,0,0.382651492,3250.0,17,0,0,0,0.0
0,0.00363175,63,0,0.200725363,7995.0,15,0,1,0,1.0
0,0.021110642,65,0,1.59051186,800.0,8,0,1,0,0.0
0,0.155760471,27,0,0.072219659,4333.0,4,0,0,0,0.0
0,0.01464897,60,0,0.304420583,7170.0,9,0,1,0,0.0
0,0.04036119,89,0,1.154460719,750.0,9,0,1,0,0.0
1,0.481291069,51,4,2611.0,,11,2,1,1,0.0
0,0.113337839,57,0,0.270538357,12500.0,20,0,2,0,4.0
0,0.0,56,0,0.330988523,2700.0,9,0,0,0,0.0
0,0.425119498,60,1,0.741551642,2100.0,22,0,1,0,0.0
0,0.884679862,60,0,0.877853691,6000.0,12,0,2,0,0.0
0,0.818545449,37,0,0.378557145,6500.0,14,1,1,0,0.0
1,0.567883426,54,0,1.078273592,4100.0,13,4,2,0,0.0
0,0.9999999,25,0,0.227597812,2376.0,3,0,0,0,2.0
0,0.209952412,59,0,1913.0,,13,0,2,0,0.0
0,0.046159285,65,0,506.0,,6,0,1,0,0.0
0,0.028365082,66,0,78.0,,8,0,0,0,0.0
0,0.096838709,38,0,0.479107849,7083.0,12,0,2,0,1.0
0,0.331017153,42,0,0.527239892,9966.0,8,0,3,0,0.0
0,0.022498594,38,0,1.153593159,6080.0,10,0,4,0,1.0
0,0.514248575,51,0,0.288957589,10350.0,5,0,1,1,0.0
0,0.047197902,84,0,0.006180694,5500.0,6,0,0,0,0.0
0,0.006310831,36,0,0.163702593,14000.0,4,0,2,0,0.0
0,0.20854397,49,0,0.080821248,6136.0,3,0,0,0,2.0
1,0.9999999,55,0,41.0,,0,0,0,0,1.0
0,0.863895039,57,0,0.30951406,14651.0,9,0,2,0,0.0
0,0.336342224,60,0,0.267715259,18500.0,14,0,2,0,1.0
0,0.208142976,50,0,0.35942029,5519.0,10,0,1,0,2.0
0,0.0,53,0,0.269258459,4166.0,4,0,1,0,0.0
0,0.340439707,23,0,0.018270402,820.0,2,0,0,0,0.0
0,0.405122362,33,0,5742.0,0.0,12,0,3,0,2.0
0,0.128847104,54,0,2.808255659,750.0,18,0,1,0,1.0
0,0.9999999,77,0,0.137766189,2300.0,1,0,0,0,0.0
0,0.034423276,70,0,0.023795241,5000.0,10,0,0,0,0.0
0,0.326039191,54,0,0.591093117,1975.0,10,0,2,0,2.0
0,0.03860775,56,0,324.0,,2,0,0,0,2.0
0,0.14621243,36,1,0.649524299,11666.0,13,0,2,0,0.0
0,0.015155745,85,0,29.0,,8,0,0,0,
0,0.084763468,31,0,0.121047877,7748.0,5,0,0,0,0.0
0,0.757353195,45,0,0.09598676,7250.0,5,0,0,0,0.0
0,0.366174056,53,0,0.571214393,2000.0,8,0,1,0,4.0
0,0.288607172,74,0,0.654373287,4012.0,18,0,2,0,2.0
0,0.201836377,49,0,1.018851757,2333.0,23,0,1,0,0.0
0,0.112559113,52,0,0.371942778,6500.0,18,0,1,0,0.0
0,0.0,40,0,0.543536088,5638.0,6,0,2,0,0.0
0,0.141026976,67,0,0.12100082,4875.0,7,0,0,0,0.0
0,0.248989112,64,0,4053.0,0.0,16,0,2,0,0.0
0,0.40133245,68,1,0.435064935,7083.0,9,0,2,0,0.0
0,0.444703686,48,0,0.290345314,1418.0,3,1,0,0,0.0
0,0.034596958,61,0,0.733296973,7333.0,10,0,2,0,0.0
0,0.717504837,42,0,0.392301295,8416.0,9,0,1,0,2.0
0,0.038177208,82,0,0.101323966,3700.0,3,0,1,0,0.0
0,0.423222365,59,0,0.253375254,5406.0,9,0,2,0,0.0
0,0.763758747,55,0,0.948800738,2167.0,6,0,2,0,0.0
0,0.0,43,0,0.306538692,5000.0,4,0,1,0,0.0
0,0.04316058,49,0,0.236101853,7500.0,10,0,2,0,5.0
0,0.013058136,53,0,0.095592353,12500.0,7,0,0,0,1.0
0,0.810763936,46,2,0.481825668,8500.0,18,0,1,0,2.0
0,0.037584197,49,0,0.857035741,4000.0,15,0,2,0,1.0
0,0.21955042,54,0,0.315983758,5417.0,20,0,2,0,1.0
0,0.023967064,37,0,408.0,,6,0,0,0,0.0
0,0.050539402,48,0,0.409402315,4232.0,6,0,1,0,0.0
0,0.139618387,69,0,1939.0,,16,0,1,0,0.0
0,0.010751321,70,0,1668.0,,13,0,3,0,0.0
0,0.022101631,45,0,0.072154472,7871.0,8,0,0,0,3.0
0,0.404438566,28,0,0.103724069,4000.0,2,0,0,0,0.0
0,0.165719491,48,0,1.184552983,5916.0,17,0,2,0,3.0
0,0.010812927,74,0,0.001041558,9600.0,8,0,0,0,0.0
0,0.499459459,59,1,0.684433837,3770.0,7,0,2,1,0.0
0,0.046241302,60,0,0.282316119,3194.0,18,0,2,0,0.0
0,0.079435845,37,0,0.180971139,13200.0,7,0,2,0,3.0
0,0.074074074,57,0,0.522990211,10112.0,22,0,2,0,1.0
1,0.290054112,72,2,0.74351832,4666.0,11,0,3,0,0.0
0,0.186281372,68,0,55.0,,2,0,0,0,0.0
0,0.014123055,41,0,0.456683465,4166.0,13,0,1,0,3.0
0,0.00039996,55,0,0.197973604,7500.0,8,0,1,0,2.0
0,0.417881564,51,2,0.10456155,4800.0,4,0,0,0,2.0
0,0.102265732,45,0,689.0,,5,0,0,0,
0,0.0,28,1,0.406320542,3100.0,4,0,1,0,0.0
0,0.117290293,40,0,0.661558565,8417.0,7,0,3,0,3.0
0,0.018332111,63,1,2750.0,,7,0,2,0,0.0
0,0.06622869,67,0,0.248717423,14618.0,17,0,2,0,0.0
0,0.746955519,50,0,1.709953012,2340.0,7,0,2,0,0.0
0,0.022943392,60,0,0.154781327,19000.0,16,0,1,0,0.0
0,0.493789941,38,0,0.541235136,5213.0,8,0,1,0,2.0
0,0.046998576,52,0,0.008397225,5477.0,3,0,0,0,0.0
0,0.812489756,39,0,0.130099417,5833.0,6,0,0,0,0.0
0,0.0,86,0,0.0,3250.0,5,0,0,0,0.0
0,0.006508601,32,1,0.0,2192.0,1,0,0,0,0.0
0,0.029522056,80,0,0.081487946,9166.0,7,0,0,0,0.0
0,0.180099999,69,0,1776.0,,12,0,1,0,0.0
0,0.201586744,51,1,0.379404806,8030.0,7,0,2,0,2.0
0,0.030102929,74,0,60.0,,12,0,0,0,0.0
0,0.105802617,50,1,0.291081401,5908.0,12,0,1,0,0.0
0,0.058309615,53,0,0.091517857,3583.0,7,0,0,0,0.0
1,0.953576162,56,0,1.522064323,1336.0,10,0,0,0,0.0
0,0.013532431,73,0,6.0,,2,0,0,0,0.0
0,0.40625545,71,2,0.307491517,3830.0,9,0,0,0,0.0
0,0.0,30,0,0.46199016,6300.0,7,0,1,0,0.0
0,0.047014484,55,0,0.204551469,11336.0,7,0,2,0,2.0
0,0.088300431,35,0,3041.0,,8,0,1,0,0.0
0,0.002008351,78,0,0.000683594,10239.0,11,0,0,0,0.0
0,0.741144065,53,0,0.518107087,4500.0,15,0,1,0,1.0
0,0.075120171,33,0,1056.0,,8,0,0,0,0.0
0,0.07372713,53,0,0.139694329,7000.0,16,0,0,0,0.0
0,0.9999999,54,0,0.014242673,3650.0,2,0,0,0,0.0
0,0.013525632,41,0,0.287271273,10000.0,9,0,2,0,0.0
0,0.052349491,60,0,0.637684556,12800.0,54,0,2,0,2.0
0,0.055820598,40,0,0.188724648,5817.0,5,0,1,0,0.0
0,0.013015931,48,0,0.025088148,7373.0,56,0,0,0,0.0
0,0.559521203,51,0,0.490971205,2048.0,5,0,0,0,0.0
0,0.472590562,68,0,0.324398001,2200.0,5,0,1,0,0.0
0,0.062032507,68,0,0.009235209,3464.0,3,0,0,0,0.0
0,0.171471421,26,0,0.208496965,2800.0,5,0,0,0,0.0
0,0.838959212,63,1,0.901498929,1400.0,6,1,1,1,0.0
0,0.729586064,65,0,0.480351965,10000.0,8,0,1,0,2.0
0,0.069982943,40,0,0.428685684,3750.0,6,0,1,0,2.0
0,0.0,48,1,4218.0,,8,0,2,1,0.0
0,0.546418877,70,0,0.503272251,4583.0,9,0,2,0,1.0
0,0.076468958,78,0,0.127601586,4035.0,8,0,0,0,0.0
0,0.010749104,48,0,0.452309538,5000.0,8,0,1,0,0.0
0,0.016649195,57,0,592.0,,10,0,1,0,0.0
0,0.242886167,51,0,3462.0,,18,0,2,0,0.0
0,0.071791875,77,0,0.435712302,3600.0,19,0,2,0,0.0
0,0.013160541,60,1,0.259820639,7916.0,6,0,2,0,0.0
0,0.013319467,82,0,16.0,,3,0,0,0,
0,0.004629458,60,0,0.201622818,4066.0,5,0,1,0,2.0
0,0.012070615,77,0,0.012472487,2725.0,14,0,0,0,0.0
0,0.210598413,49,0,2508.0,,12,0,2,0,1.0
0,0.0,71,0,910.0,,3,0,1,0,0.0
1,0.07911294,45,0,0.174030903,11066.0,5,0,2,0,0.0
0,0.660775972,45,0,0.375246175,6600.0,11,0,1,0,0.0
0,0.008835921,61,0,0.349347403,3600.0,9,0,2,0,0.0
0,0.532448228,40,0,0.133864099,5400.0,9,0,0,0,2.0
0,0.089157618,77,0,0.025446296,10138.0,16,0,0,0,1.0
0,0.136526802,70,0,0.10696952,5150.0,7,1,0,0,0.0
0,0.033476805,60,0,0.151231096,8000.0,7,0,1,0,1.0
0,0.9999999,59,0,4207.0,,3,0,2,0,
0,0.020558188,79,0,0.3014862,3296.0,7,0,1,0,0.0
0,0.435088052,56,0,1.083987784,4583.0,17,0,4,0,0.0
0,0.122192206,66,0,0.446947035,5682.0,13,0,2,0,1.0
0,0.059492812,62,0,1567.0,,13,0,2,0,1.0
0,0.385822415,69,0,0.312691501,6200.0,7,0,0,0,1.0
1,0.411435426,26,0,0.29199549,2660.0,4,0,0,0,0.0
0,0.0,31,0,0.017996728,5500.0,7,0,0,0,0.0
0,0.9999999,30,1,0.066954644,4166.0,6,1,0,0,1.0
1,0.898550725,46,2,0.738793937,3100.0,17,0,1,0,2.0
0,0.00290481,79,0,0.065393461,10000.0,9,0,1,0,0.0
0,0.0,44,0,0.434844698,2800.0,4,0,1,0,0.0
0,0.106826571,61,0,0.242064551,7497.0,6,0,1,0,0.0
0,0.056956282,62,0,0.311984401,6666.0,8,0,1,0,0.0
0,0.065698129,59,0,1855.0,,6,0,1,0,0.0
0,0.0,52,0,0.155467154,9300.0,7,0,1,0,2.0
0,0.124750014,41,0,0.115864968,8086.0,6,0,1,0,0.0
0,0.06938413,57,0,5851.0,,24,0,2,0,0.0
0,0.016373131,68,0,41.0,,11,0,0,1,0.0
0,0.342415003,41,0,0.072470172,4525.0,6,0,0,0,0.0
0,0.173667303,52,0,0.432751678,3724.0,8,0,1,0,2.0
0,1.684630739,24,0,109.0,,0,1,0,0,
0,0.65200612,51,0,0.57647411,3340.0,9,0,1,0,1.0
0,4.66e-05,42,0,0.32459513,8582.0,14,0,1,0,2.0
0,0.125551308,61,1,0.200719712,2500.0,3,0,0,0,0.0
0,0.03611253,63,0,0.177954071,11974.0,7,0,2,0,0.0
0,0.399414307,46,0,0.451163907,4166.0,5,0,1,0,1.0
0,0.0,61,0,0.155158217,8500.0,7,1,1,0,0.0
0,0.60369641,43,1,0.408397901,4000.0,5,0,1,0,3.0
0,0.016071936,59,0,1389.0,,10,0,2,0,0.0
0,0.094530182,53,1,0.011086475,7666.0,6,0,0,0,1.0
0,0.021605025,82,0,0.013325257,1650.0,4,0,0,0,0.0
0,0.34957523,55,0,0.670257199,9097.0,22,0,3,0,2.0
1,0.0,37,0,1.23755249,5000.0,12,0,2,0,4.0
0,0.313054834,48,2,0.869386356,2916.0,12,0,1,0,4.0
0,0.000969579,46,0,1488.0,,3,0,1,0,3.0
0,0.31555128,62,0,697.0,,8,0,0,0,0.0
0,0.0,69,0,0.0,,6,0,0,0,
0,0.396171129,71,0,0.367310012,3315.0,19,0,0,0,0.0
0,0.033486826,59,0,0.233598539,7666.0,17,0,0,0,0.0
0,0.037031319,61,0,0.053911111,22499.0,16,0,1,0,1.0
0,0.485906544,82,0,0.417064439,1675.0,3,0,0,0,0.0
0,0.019453074,78,1,47.0,,11,0,0,0,0.0
1,0.948238339,54,1,0.604056563,7000.0,7,0,3,0,0.0
0,0.922362869,40,1,0.0569552,10200.0,6,0,0,0,2.0
0,0.080102081,71,0,0.015330778,6000.0,2,0,0,0,1.0
0,0.013217161,62,0,0.064533721,5500.0,7,0,1,0,0.0
0,0.050677312,69,0,0.287362349,5720.0,8,0,1,0,0.0
0,0.422857242,65,0,0.480689369,4815.0,16,0,1,0,0.0
0,0.955502225,72,0,0.314553246,6300.0,6,0,1,0,1.0
0,0.142076503,67,0,0.255963434,7000.0,5,0,0,0,0.0
1,0.96270252,54,1,0.169832155,13583.0,15,2,0,1,0.0
0,0.005384486,71,0,725.0,,5,0,1,0,0.0
0,0.283177346,42,0,0.031793641,3333.0,1,0,0,0,0.0
0,0.3979607,63,0,3702.0,,12,0,2,0,0.0
0,0.291237686,35,0,1909.0,,4,0,2,0,0.0
1,0.9999999,47,0,0.095747758,6913.0,2,0,0,0,2.0
0,0.160469461,69,0,362.0,,4,0,0,0,0.0
0,0.069961233,48,0,0.626074499,1395.0,7,0,1,0,0.0
0,0.9999999,51,1,0.266717518,7865.0,9,0,2,0,0.0
0,0.9999999,32,1,0.298995622,3882.0,6,0,0,0,3.0
0,0.033482234,48,0,0.03967486,10333.0,5,0,0,0,0.0
0,0.806108536,32,0,0.224173251,3416.0,5,0,0,0,3.0
0,0.011049816,60,1,1053.0,,4,0,1,0,0.0
0,0.09140169,58,0,0.333524882,8700.0,5,0,1,0,2.0
0,0.118855502,40,0,0.277299007,9166.0,9,0,2,0,0.0
1,0.611993819,51,0,0.658103769,5916.0,14,0,2,0,3.0
1,0.9999999,45,98,0.0,3600.0,0,98,0,98,0.0
0,0.146229201,51,0,1.471404775,1800.0,18,0,1,0,0.0
0,0.305619427,55,2,0.325650369,11800.0,15,0,2,0,2.0
0,0.030253695,51,0,0.615890555,3800.0,16,0,2,0,0.0
0,0.587842147,45,0,0.50308282,6000.0,8,0,2,0,2.0
0,0.0,42,0,0.0,3660.0,1,0,0,0,0.0
0,0.399520096,50,0,0.817891374,1877.0,12,0,1,0,0.0
0,0.380052096,34,1,0.686444008,2544.0,9,0,1,0,1.0
0,0.791699576,51,0,0.359323378,7566.0,12,0,1,0,2.0
0,0.340641175,41,0,0.74022496,5600.0,6,0,3,0,2.0
0,0.881655917,44,1,0.149423691,7200.0,5,0,0,0,3.0
0,0.003286946,43,0,0.168156908,3466.0,17,0,1,0,2.0
0,0.9999999,32,0,0.0,1200.0,1,0,0,0,0.0
0,0.397177024,34,0,0.036502547,2355.0,4,0,0,1,2.0
0,0.055887853,64,0,0.423086153,8333.0,9,0,1,0,1.0
0,0.474868886,52,0,2504.0,,7,0,1,0,0.0
0,0.023048848,81,0,0.004331889,3000.0,6,0,0,0,0.0
0,0.458383073,49,1,0.351301458,5416.0,7,0,2,0,1.0
0,0.31481713,55,0,0.133091975,11600.0,5,0,1,0,1.0
0,0.051117955,80,0,0.01010101,3761.0,1,0,0,0,0.0
0,0.0,86,0,0.028613353,2725.0,2,0,0,0,1.0
0,0.699878467,46,0,0.164090369,9250.0,5,0,1,0,0.0
0,0.258142255,50,0,0.408433866,9200.0,9,0,2,0,4.0
0,0.035473293,83,0,0.223475259,4344.0,6,0,2,0,0.0
0,0.270351784,70,0,0.084979767,4200.0,5,0,0,0,0.0
0,0.009582535,36,0,0.140393239,2898.0,3,0,0,0,0.0
0,0.018157364,56,0,0.462563875,4500.0,24,0,1,0,0.0
0,0.034304817,72,0,0.068641618,6919.0,12,0,0,0,0.0
0,0.007873218,85,0,0.003285421,2434.0,6,0,0,0,0.0
0,0.199047282,27,0,0.366804742,7000.0,11,0,1,0,0.0
0,0.444460508,36,0,0.484503099,5000.0,18,0,1,0,0.0
0,0.614538546,36,0,0.02879744,11250.0,2,0,0,0,0.0
0,0.07087744,58,0,0.275158248,7740.0,18,0,1,0,0.0
1,0.352073303,54,0,0.907241911,3244.0,18,0,2,0,3.0
0,0.670193811,50,0,0.470156107,9800.0,22,0,1,0,0.0
0,0.099753745,57,2,0.700609225,2297.0,21,0,1,0,3.0
0,0.003717173,49,0,0.261562998,13166.0,30,0,1,0,3.0
0,0.352941176,67,0,2485.0,,8,0,1,0,0.0
1,0.9999999,26,0,387.0,,1,0,0,0,0.0
1,1.015615369,49,1,0.045540046,10100.0,4,0,0,0,3.0
0,0.9999999,63,0,376.0,,2,0,0,0,0.0
0,0.104693074,34,0,0.394559304,4594.0,13,0,1,0,2.0
0,0.608094276,48,0,693.0,,5,0,0,0,
0,0.114552129,64,0,0.225978648,3933.0,3,0,1,0,0.0
0,0.266173818,39,1,1.069172331,2500.0,14,0,2,0,0.0
0,0.04065989,56,0,430.0,,3,0,0,0,0.0
0,0.012981241,70,0,0.003620066,5800.0,17,0,0,0,0.0
0,0.169123082,45,1,0.284943011,5000.0,6,0,2,0,0.0
0,0.062699433,59,0,0.42048,6249.0,14,0,1,0,1.0
0,0.876970768,39,0,0.134162209,6916.0,10,0,0,0,1.0
0,0.060255421,63,0,1121.0,,3,0,1,0,
0,0.026612349,37,0,1826.0,,8,0,2,0,0.0
0,0.007890009,87,0,0.000833102,3600.0,4,0,0,0,0.0
0,0.0,51,2,0.309040305,9700.0,6,0,2,0,0.0
0,0.021631694,69,0,0.005453995,9900.0,7,0,0,0,1.0
0,0.080043635,62,0,0.010707017,11300.0,8,0,0,0,1.0
0,0.088297057,48,0,0.594488189,3809.0,6,0,2,0,0.0
0,0.00430756,66,0,4.0,,5,0,0,0,0.0
0,0.158795586,57,0,1587.0,,6,0,1,0,
0,1.034988337,40,1,0.015285996,6083.0,1,0,0,0,0.0
0,0.076229675,52,0,2.013397321,5000.0,12,0,4,0,0.0
0,0.149449728,50,0,0.019433985,8232.0,7,0,0,0,2.0
0,0.343274879,46,1,0.295584513,10666.0,13,0,1,0,2.0
0,1.217782218,56,1,0.051678339,8281.0,2,0,0,0,2.0
0,13930.0,45,0,4902.0,,4,0,2,0,0.0
0,0.446007919,39,0,0.343585629,11216.0,12,0,1,0,4.0
0,0.08259714,71,0,0.233689979,7663.0,4,0,1,0,0.0
0,0.9999999,59,0,1054.0,,4,0,1,0,0.0
0,0.119037835,64,0,6137.0,,14,0,3,0,1.0
0,0.0,81,0,0.063444109,2978.0,2,0,1,0,0.0
1,0.539551166,49,1,0.354434072,10283.0,8,0,1,0,0.0
0,0.012926567,65,0,0.21326744,10521.0,5,0,1,0,1.0
0,0.091610193,42,0,0.256582894,15000.0,17,0,2,0,3.0
0,0.209539679,39,0,0.285321416,2908.0,4,0,0,0,2.0
0,0.975557366,48,0,0.392934511,6000.0,7,0,1,0,0.0
0,0.353345952,63,0,2121.0,,7,0,2,0,2.0
0,0.126662995,60,2,0.362626375,9000.0,13,0,1,0,2.0
0,0.265208548,60,0,0.699732011,25000.0,33,0,2,0,0.0
0,0.147747324,48,0,0.006626173,5432.0,3,0,0,0,0.0
0,0.009048698,61,0,0.315817839,3710.0,13,0,0,0,1.0
0,0.048426842,50,0,0.150511913,10450.0,6,0,1,0,0.0
0,0.018217144,46,0,9.052980132,150.0,7,0,1,0,0.0
0,0.744053283,61,0,0.019981835,1100.0,3,0,0,0,0.0
0,0.425637762,45,0,0.206043471,11317.0,19,0,1,0,0.0
0,0.553482173,62,0,1.950248756,200.0,7,0,0,0,0.0
0,0.273772612,42,0,0.624641834,5583.0,12,0,2,0,1.0
1,0.9999999,46,0,512.0,,1,2,0,0,0.0
0,0.019393594,63,0,3582.0,,8,0,1,0,0.0
0,0.00576759,86,0,13.0,,13,0,0,0,0.0
0,0.370647555,33,0,0.663667267,5000.0,10,0,2,0,2.0
1,0.0,86,1,0.082983403,5000.0,12,1,0,0,0.0
0,0.0,57,1,0.356498415,4100.0,3,0,1,0,2.0
0,0.051826773,63,0,0.467663517,10900.0,11,0,2,0,0.0
0,0.084175501,58,0,0.388850795,14583.0,12,0,3,0,1.0
0,0.46674356,40,0,0.02184415,4760.0,6,0,0,0,2.0
0,0.096515894,61,0,0.010031509,15550.0,9,0,0,0,0.0
0,0.0,41,0,0.227717079,5216.0,9,0,0,0,3.0
0,0.124046164,46,0,0.3,8019.0,11,0,1,0,1.0
0,0.029877496,50,0,2953.0,,18,0,3,0,0.0
1,0.9999999,54,1,413.0,,2,0,1,0,0.0
0,0.055796272,64,0,3880.0,,18,0,2,0,0.0
0,0.688868689,62,0,0.60135462,4133.0,8,0,1,0,0.0
1,0.451376082,48,0,2.51196093,12080.0,29,0,17,0,2.0
0,1.001745755,42,1,0.213131145,6000.0,8,0,2,0,1.0
0,0.012926001,73,0,0.00999643,2800.0,6,0,0,0,0.0
0,0.0,64,0,0.073538769,11000.0,9,0,1,0,0.0
1,0.9999999,51,0,0.441437238,15000.0,5,0,2,0,2.0
0,0.949050949,47,0,0.126517274,4283.0,3,0,0,0,1.0
1,0.9999999,31,1,0.294856601,4218.0,4,1,0,0,2.0
0,0.042710156,68,0,0.652669466,5000.0,28,0,2,0,1.0
0,0.248977356,50,0,0.643535817,9366.0,23,0,3,0,0.0
0,0.372614039,58,1,0.298512238,6250.0,5,0,1,0,1.0
0,0.046020077,60,0,0.010094277,10500.0,6,0,0,0,0.0
0,0.013841136,34,0,0.610807933,7512.0,10,0,3,0,0.0
0,0.133152967,52,0,0.245776076,4438.0,11,0,2,0,2.0
0,0.386863559,41,0,0.829552926,6083.0,12,0,2,0,0.0
0,0.031893231,56,0,0.333583302,8000.0,8,0,2,0,0.0
0,0.0,41,0,0.155060562,26666.0,5,0,1,0,4.0
0,0.92691227,55,0,0.770030663,7500.0,11,0,2,0,0.0
0,0.880312296,35,0,0.375888502,7174.0,8,0,4,0,0.0
0,0.9999999,65,0,698.0,,1,0,1,0,0.0
0,0.074244791,55,0,0.219810489,9075.0,7,0,1,0,3.0
0,0.305063992,62,0,2368.0,0.0,11,0,1,0,0.0
